startup_age,industry,location,founders,employees,founder_experience,technical_team_size,business_team_size,funding,investors,funding_rounds,monthly_revenue,monthly_burn_rate,marketing_budget,market_size,customers,customer_growth,customer_retention,customer_acquisition_cost,annual_revenue,success
5.9,SaaS,Other,3,49,13,26,23,405970000.0,12,4,6006000.0,6992000.0,1898000.0,61330300000.0,6935,0.1,81.7,24224.0,72904000.0,1
14.3,Fintech,Pune,2,87,24,56,31,20800000.0,6,2,7590000.0,10259000.0,2215000.0,70619600000.0,7842,40.5,62.7,12835.0,80755000.0,1
11.1,SaaS,Chennai,4,59,16,25,34,119300000.0,4,2,6043000.0,6634000.0,1744000.0,65596600000.0,7966,22.5,87.1,7159.0,82516000.0,1
9.2,AI/ML,Other,3,56,23,26,30,450000000.0,5,5,7256000.0,8177000.0,3335000.0,37309400000.0,11075,41.1,88.4,7214.0,119762000.0,1
2.8,Logistics,Kolkata,2,28,11,12,16,0.0,0,0,2068000.0,4690000.0,2440000.0,42739800000.0,1224,3.8,95.4,605.0,29598000.0,1
2.8,FoodTech,Other,3,28,21,19,9,30110000.0,2,1,2241000.0,5849000.0,2136000.0,19420000000.0,1509,15.4,69.6,17357.0,23289000.0,1
1.3,Logistics,Chennai,1,19,2,8,11,0.0,0,0,1158000.0,2438000.0,1024000.0,13869700000.0,1079,10.0,72.0,19432.0,13054000.0,1
13.1,CleanTech,Mumbai,1,77,22,49,28,100260000.0,4,2,9554000.0,12435000.0,4574000.0,65848900000.0,12735,8.1,70.1,956.0,104139000.0,0
9.2,FoodTech,Chennai,4,62,6,32,30,11620000.0,1,1,5146000.0,8726000.0,2809000.0,63877600000.0,8151,18.9,72.4,14710.0,62915000.0,1
10.8,CleanTech,Chennai,3,53,6,35,18,85160000.0,4,2,9100000.0,9967000.0,5157000.0,62199900000.0,20852,72.9,66.0,19575.0,114214000.0,1
0.8,E-commerce,Other,2,27,14,19,8,5780000.0,2,1,2595000.0,2478000.0,517000.0,37095600000.0,5640,32.7,86.8,9500.0,40268000.0,1
14.6,AI/ML,Delhi,4,78,11,34,44,30450000.0,3,1,10916000.0,9352000.0,3328000.0,69167400000.0,17170,10.3,61.4,10904.0,112383000.0,1
12.6,E-commerce,Bangalore,3,56,8,28,28,0.0,0,0,6419000.0,7527000.0,3701000.0,74102300000.0,11517,11.6,70.0,9136.0,71214000.0,1
3.6,Healthcare,Delhi,4,21,8,14,7,0.0,0,0,2233000.0,2994000.0,611000.0,26301100000.0,4087,30.4,74.7,7994.0,29120000.0,1
3.1,Logistics,Other,2,18,1,8,10,0.0,0,0,2660000.0,4018000.0,2017000.0,18014300000.0,4026,13.9,78.9,12355.0,34530000.0,1
3.2,CleanTech,Delhi,4,61,21,28,33,93230000.0,2,2,5447000.0,5305000.0,1729000.0,37167800000.0,10736,14.0,55.3,4278.0,46395000.0,1
4.9,EdTech,Hyderabad,4,27,7,18,9,372100000.0,12,6,3603000.0,3782000.0,1103000.0,14387100000.0,3056,-6.4,68.6,11101.0,33506000.0,1
8.1,E-commerce,Mumbai,4,55,6,41,14,0.0,0,0,5108000.0,5809000.0,1715000.0,70726000000.0,8463,17.0,72.3,23554.0,58130000.0,1
6.8,Healthcare,Delhi,3,98,21,58,40,0.0,0,0,9277000.0,10635000.0,3472000.0,27072300000.0,19058,-10.0,83.2,831.0,102415000.0,1
4.7,Technology,Kolkata,2,48,8,23,25,32320000.0,4,2,4340000.0,8163000.0,3266000.0,46114900000.0,6838,-10.0,69.0,4244.0,43923000.0,1
9.4,SaaS,Pune,1,56,19,30,26,66480000.0,3,3,5561000.0,6655000.0,2418000.0,47597800000.0,7364,10.3,70.6,19476.0,66067000.0,1
2.5,FoodTech,Kolkata,3,63,22,28,35,26480000.0,3,1,5546000.0,6344000.0,3252000.0,41223300000.0,6489,32.5,73.9,3432.0,68084000.0,1
4.7,Healthcare,Pune,1,37,21,24,13,129710000.0,3,3,4226000.0,4584000.0,2546000.0,12564200000.0,8174,53.4,86.7,6891.0,67190000.0,1
5.8,AI/ML,Chennai,1,51,24,34,17,228850000.0,6,3,6292000.0,5496000.0,1881000.0,79280500000.0,6014,26.8,43.3,11453.0,45002000.0,1
7.1,E-commerce,Hyderabad,3,77,20,54,23,103730000.0,3,3,11532000.0,9940000.0,4916000.0,13849600000.0,24054,29.8,73.5,23588.0,156086000.0,1
11.9,AI/ML,Mumbai,3,69,8,28,41,21840000.0,4,2,8504000.0,11828000.0,4893000.0,60133000000.0,11898,20.5,88.4,4710.0,121233000.0,1
3.4,SaaS,Kolkata,2,32,14,19,13,176980000.0,6,3,3475000.0,4832000.0,1361000.0,63319500000.0,1827,36.4,60.4,23089.0,38585000.0,1
8.0,EdTech,Mumbai,2,51,18,24,27,25530000.0,1,1,3483000.0,7822000.0,1843000.0,11655800000.0,3723,22.7,61.5,18005.0,35476000.0,1
9.1,Logistics,Kolkata,4,56,16,29,27,262010000.0,4,4,6622000.0,6494000.0,3278000.0,74656400000.0,7046,26.2,89.1,16828.0,88442000.0,1
1.2,Logistics,Chennai,1,22,9,14,8,0.0,0,0,1481000.0,3326000.0,876000.0,39046300000.0,1175,-10.0,67.1,18130.0,13864000.0,0
9.3,AI/ML,Pune,2,54,15,25,29,72130000.0,2,2,8732000.0,6963000.0,1490000.0,50329200000.0,15224,23.8,67.5,926.0,101719000.0,1
3.0,CleanTech,Bangalore,4,72,10,44,28,0.0,0,0,9883000.0,8493000.0,2857000.0,51392800000.0,18720,18.5,75.9,2608.0,119436000.0,1
1.4,EdTech,Hyderabad,2,63,22,39,24,0.0,0,0,5310000.0,8219000.0,2927000.0,40421200000.0,16716,8.8,30.2,8471.0,26367000.0,1
14.3,Logistics,Kolkata,3,100,16,73,27,194640000.0,12,4,14807000.0,14029000.0,6956000.0,11404700000.0,20813,10.5,46.5,1988.0,120988000.0,0
14.5,EdTech,Kolkata,2,69,4,46,23,39430000.0,2,2,7369000.0,10301000.0,3498000.0,60152700000.0,10901,-10.0,80.1,24692.0,86462000.0,1
12.2,Healthcare,Chennai,1,82,20,55,27,96760000.0,4,4,14878000.0,12420000.0,4835000.0,46563800000.0,24918,29.9,68.6,14573.0,168968000.0,1
4.9,EdTech,Hyderabad,2,64,13,37,27,0.0,0,0,5586000.0,8241000.0,2768000.0,9538500000.0,18824,23.2,69.8,12260.0,66577000.0,1
1.9,Fintech,Pune,1,53,22,24,29,77590000.0,3,3,8537000.0,5456000.0,2074000.0,56040700000.0,14204,19.5,62.8,19670.0,89557000.0,1
10.4,SaaS,Pune,3,53,5,29,24,119070000.0,4,2,7698000.0,6811000.0,2883000.0,56235900000.0,14412,23.1,68.2,24427.0,90673000.0,1
6.9,Logistics,Kolkata,1,46,22,27,19,47350000.0,2,2,4714000.0,6692000.0,2187000.0,43901500000.0,7545,-9.4,88.7,23885.0,59848000.0,0
2.3,EdTech,Bangalore,2,15,7,9,6,41540000.0,4,2,1421000.0,4106000.0,2286000.0,7289400000.0,948,56.8,73.8,19858.0,19176000.0,1
7.7,AI/ML,Bangalore,4,62,23,37,25,217070000.0,9,3,7701000.0,8470000.0,2730000.0,28243900000.0,11196,38.7,86.8,9523.0,119799000.0,1
1.0,Technology,Mumbai,3,26,9,13,13,126960000.0,9,3,3815000.0,4335000.0,1801000.0,4121400000.0,5940,31.7,69.8,1789.0,46727000.0,1
13.7,Fintech,Hyderabad,2,89,8,43,46,127470000.0,9,3,8318000.0,9193000.0,1706000.0,38233800000.0,20775,50.7,72.3,2595.0,108582000.0,1
4.3,Fintech,Hyderabad,3,35,16,16,19,63750000.0,2,2,5423000.0,6044000.0,3133000.0,72520400000.0,9115,22.6,76.6,179.0,64464000.0,1
10.1,CleanTech,Pune,3,47,6,30,17,0.0,0,0,5776000.0,5533000.0,3025000.0,230100000.0,11138,11.8,79.4,197.0,71126000.0,1
5.0,EdTech,Mumbai,2,39,16,24,15,0.0,0,0,5065000.0,5388000.0,1674000.0,21367800000.0,8014,24.0,60.1,23420.0,47612000.0,0
8.0,CleanTech,Chennai,2,43,6,27,16,98180000.0,3,3,3508000.0,6116000.0,1744000.0,63998700000.0,2908,51.6,71.6,23186.0,45952000.0,1
8.4,CleanTech,Hyderabad,4,46,14,24,22,31460000.0,1,1,3676000.0,4728000.0,772000.0,838400000.0,5315,-1.7,62.5,16739.0,35628000.0,0
3.2,Technology,Mumbai,3,46,21,22,24,71170000.0,9,3,3264000.0,7162000.0,2210000.0,863400000.0,6128,51.3,93.1,18208.0,52833000.0,1
14.6,Healthcare,Mumbai,3,69,1,45,24,36330000.0,6,2,6468000.0,7870000.0,2558000.0,48884900000.0,6902,-10.0,47.9,12903.0,45385000.0,1
11.7,EdTech,Kolkata,2,73,9,48,25,77140000.0,2,2,7049000.0,10924000.0,2798000.0,63146500000.0,16060,29.7,80.2,6060.0,97584000.0,1
14.1,E-commerce,Pune,1,82,24,45,37,15310000.0,3,1,5871000.0,6832000.0,2709000.0,62131600000.0,6203,40.2,61.2,22872.0,60932000.0,1
13.5,Logistics,Mumbai,2,70,13,42,28,127490000.0,3,3,5995000.0,7572000.0,3441000.0,62377300000.0,4133,32.2,56.1,7051.0,58801000.0,1
9.2,CleanTech,Other,3,61,19,32,29,101670000.0,6,2,5441000.0,7865000.0,1917000.0,28912500000.0,11331,41.0,67.8,18531.0,68727000.0,1
13.9,SaaS,Bangalore,2,100,17,64,36,111810000.0,4,2,15248000.0,13500000.0,4532000.0,70623800000.0,23806,15.2,90.1,6249.0,223468000.0,1
1.8,FoodTech,Other,4,16,11,11,5,100000000.0,6,2,1608000.0,4865000.0,2391000.0,1076200000.0,668,-10.0,63.0,21773.0,16166000.0,0
3.3,SaaS,Bangalore,1,44,8,28,16,87040000.0,9,3,8337000.0,6373000.0,3090000.0,25009500000.0,13552,41.1,46.7,16333.0,69549000.0,1
1.2,Technology,Delhi,2,30,23,17,13,248520000.0,9,3,3298000.0,4683000.0,1446000.0,27008200000.0,5742,58.7,58.8,16121.0,38426000.0,1
5.2,Technology,Pune,4,53,5,29,24,0.0,0,0,3749000.0,6930000.0,2052000.0,13287400000.0,3930,14.4,73.7,2570.0,47941000.0,1
6.1,AI/ML,Kolkata,3,56,10,34,22,35070000.0,2,2,5454000.0,9457000.0,3765000.0,26931300000.0,11855,33.0,49.4,10574.0,47801000.0,1
4.4,Healthcare,Chennai,2,29,7,18,11,0.0,0,0,3797000.0,6462000.0,2439000.0,46891400000.0,6945,-0.2,82.1,13194.0,50046000.0,1
12.5,Logistics,Other,3,75,10,44,31,93180000.0,4,2,6065000.0,8533000.0,2571000.0,41646300000.0,11336,-1.8,49.9,7457.0,46413000.0,1
5.7,CleanTech,Other,4,28,4,17,11,54170000.0,6,3,2941000.0,5895000.0,2712000.0,25588200000.0,6209,20.4,65.2,22042.0,33545000.0,1
4.6,SaaS,Delhi,3,59,9,25,34,0.0,0,0,8192000.0,7844000.0,2863000.0,59958700000.0,12724,2.0,83.5,20966.0,98950000.0,1
8.4,FoodTech,Bangalore,4,52,14,38,14,107050000.0,4,2,4422000.0,8358000.0,2877000.0,57197500000.0,12981,20.1,65.0,12416.0,47150000.0,0
2.5,Technology,Kolkata,4,20,2,13,7,0.0,0,0,1817000.0,3564000.0,1207000.0,22491700000.0,2044,84.7,53.2,8600.0,22271000.0,1
12.1,Technology,Delhi,4,73,9,38,35,89820000.0,6,2,9007000.0,10579000.0,3849000.0,25892100000.0,14636,2.5,70.7,20068.0,88397000.0,1
1.6,Healthcare,Pune,2,48,21,28,20,0.0,0,0,3821000.0,6911000.0,2770000.0,23037200000.0,14420,25.5,65.1,5043.0,40122000.0,1
14.8,FoodTech,Kolkata,3,64,1,26,38,211280000.0,12,4,7915000.0,9002000.0,3204000.0,10351700000.0,10779,-10.0,89.0,1927.0,109517000.0,0
11.7,FoodTech,Pune,3,81,23,33,48,46750000.0,2,2,10395000.0,11405000.0,4530000.0,60234900000.0,22620,29.5,83.5,1286.0,146923000.0,1
3.4,Healthcare,Mumbai,1,29,10,14,15,171450000.0,3,3,3128000.0,5041000.0,2115000.0,3749800000.0,4219,2.5,79.1,1111.0,37362000.0,1
0.6,Technology,Hyderabad,1,17,10,10,7,15830000.0,3,1,1404000.0,3722000.0,2242000.0,12088900000.0,2262,24.4,72.3,12299.0,17541000.0,1
12.3,Logistics,Mumbai,1,82,20,57,25,104210000.0,4,2,11643000.0,13287000.0,4860000.0,8469100000.0,18476,23.8,68.9,6495.0,140516000.0,0
10.7,EdTech,Pune,1,67,22,39,28,244820000.0,3,3,6453000.0,8239000.0,3833000.0,66035900000.0,11631,21.1,68.9,17306.0,71832000.0,1
11.1,EdTech,Other,3,53,3,31,22,33050000.0,3,1,5840000.0,6181000.0,2497000.0,3568500000.0,11746,-2.8,48.1,16399.0,36814000.0,0
11.7,Healthcare,Kolkata,4,78,6,42,36,119970000.0,4,4,11194000.0,6870000.0,2880000.0,53187000000.0,21331,11.8,72.0,13619.0,122127000.0,1
1.6,FoodTech,Bangalore,4,12,6,5,7,0.0,0,0,924000.0,3314000.0,2061000.0,3605700000.0,3136,23.2,60.9,8918.0,9063000.0,1
5.7,CleanTech,Chennai,2,56,21,24,32,0.0,0,0,9224000.0,7152000.0,3346000.0,62926200000.0,15680,12.7,70.8,21284.0,98138000.0,1
2.2,Healthcare,Bangalore,4,14,2,9,5,450000000.0,5,5,3362000.0,3425000.0,1714000.0,73021500000.0,2358,48.9,72.7,17786.0,43283000.0,1
13.0,Logistics,Kolkata,3,66,18,47,19,119520000.0,6,2,7023000.0,8112000.0,3591000.0,38973100000.0,17900,18.9,65.2,6897.0,74559000.0,1
9.5,Healthcare,Mumbai,3,59,23,33,26,99250000.0,4,2,5720000.0,7602000.0,2191000.0,64373100000.0,6202,-3.8,85.1,12617.0,69340000.0,1
5.3,Fintech,Chennai,3,36,2,22,14,161950000.0,9,3,3104000.0,4737000.0,1635000.0,56527500000.0,2973,27.5,57.0,4033.0,32564000.0,1
1.4,SaaS,Kolkata,2,33,12,23,10,20160000.0,6,2,3380000.0,5321000.0,1592000.0,63661000000.0,5063,-10.0,65.1,8320.0,30838000.0,1
5.0,FoodTech,Pune,1,37,22,15,22,103650000.0,6,2,5711000.0,4466000.0,1446000.0,61353700000.0,8084,61.2,67.4,24929.0,69274000.0,1
5.2,AI/ML,Other,4,25,5,16,9,125070000.0,8,4,2708000.0,4253000.0,1412000.0,16469200000.0,5255,-10.0,88.2,5713.0,35805000.0,1
11.1,AI/ML,Bangalore,3,95,20,58,37,6670000.0,1,1,8628000.0,9866000.0,4696000.0,39989700000.0,18753,37.7,72.4,17503.0,123499000.0,1
9.7,FoodTech,Pune,3,45,7,27,18,0.0,0,0,4182000.0,6079000.0,2029000.0,76835100000.0,14190,34.3,71.8,6075.0,51302000.0,1
13.4,Logistics,Chennai,1,106,24,53,53,76570000.0,2,2,8585000.0,11111000.0,4465000.0,27515500000.0,5577,-6.9,84.2,23463.0,106163000.0,1
7.3,Fintech,Chennai,3,45,16,28,17,8860000.0,1,1,3744000.0,5321000.0,1188000.0,77640400000.0,12571,30.3,64.7,7857.0,43730000.0,1
2.2,Fintech,Bangalore,4,45,20,30,15,16600000.0,3,1,4152000.0,6396000.0,2976000.0,46673800000.0,9224,2.8,84.3,8765.0,52381000.0,1
10.8,Technology,Pune,2,49,1,21,28,54660000.0,3,3,5854000.0,9828000.0,4347000.0,36955800000.0,10717,14.4,77.6,14907.0,78043000.0,1
11.5,SaaS,Delhi,3,76,1,44,32,174410000.0,6,3,7340000.0,8779000.0,3574000.0,52637700000.0,11172,28.3,89.3,14765.0,104951000.0,1
8.6,EdTech,Pune,4,66,17,28,38,46920000.0,4,2,4829000.0,6915000.0,2027000.0,65276300000.0,15784,16.9,66.7,14540.0,51703000.0,1
11.7,E-commerce,Chennai,3,55,1,38,17,375690000.0,4,4,8016000.0,8892000.0,4480000.0,31566900000.0,7470,-4.0,67.9,14395.0,76906000.0,1
7.7,Logistics,Pune,1,48,21,27,21,15730000.0,1,1,4641000.0,6655000.0,2248000.0,2684700000.0,11594,27.0,74.0,7908.0,55149000.0,1
8.1,E-commerce,Other,3,68,20,46,22,143330000.0,6,3,7040000.0,6302000.0,2452000.0,56719100000.0,12026,13.4,71.1,10945.0,76831000.0,1
6.7,E-commerce,Kolkata,3,51,13,26,25,83740000.0,4,4,3821000.0,5476000.0,2612000.0,76495500000.0,4307,15.6,82.7,14897.0,51707000.0,1
0.9,FoodTech,Mumbai,2,10,9,4,6,0.0,0,0,818000.0,2303000.0,806000.0,50017700000.0,626,16.9,69.0,16831.0,9487000.0,1
2.1,AI/ML,Other,1,20,15,8,12,88110000.0,2,2,1908000.0,2808000.0,838000.0,15113700000.0,2104,-10.0,57.2,6440.0,16310000.0,0
1.0,AI/ML,Delhi,1,31,3,15,16,94330000.0,2,2,2486000.0,5385000.0,2538000.0,19897000000.0,6822,-6.7,91.0,17582.0,31081000.0,1
9.7,EdTech,Hyderabad,2,54,14,26,28,148960000.0,12,4,5158000.0,4917000.0,2118000.0,72784600000.0,8575,5.0,98.0,23093.0,78950000.0,1
5.1,FoodTech,Kolkata,3,53,23,31,22,70040000.0,2,2,9056000.0,8423000.0,3118000.0,1134300000.0,14031,27.0,50.1,18985.0,75784000.0,1
7.9,E-commerce,Mumbai,4,49,11,19,30,213320000.0,6,3,4557000.0,8206000.0,3069000.0,43922300000.0,7697,-2.4,78.7,2243.0,51889000.0,0
13.7,CleanTech,Hyderabad,1,103,24,59,44,57100000.0,6,2,7433000.0,10606000.0,4350000.0,12736300000.0,35818,44.2,82.5,11808.0,109467000.0,1
4.1,AI/ML,Bangalore,1,71,22,38,33,31390000.0,6,2,6845000.0,8182000.0,3878000.0,22657000000.0,10218,22.4,75.4,10966.0,90921000.0,1
6.5,Logistics,Hyderabad,3,121,12,72,49,129730000.0,6,3,9161000.0,16905000.0,5421000.0,24593200000.0,7924,26.0,94.0,8512.0,143021000.0,1
11.5,Logistics,Kolkata,3,58,13,37,21,166300000.0,3,3,8516000.0,9387000.0,4296000.0,17581700000.0,13094,10.7,53.2,12359.0,74484000.0,1
3.8,Technology,Pune,1,55,13,34,21,5220000.0,3,1,6090000.0,6974000.0,1786000.0,63398500000.0,9313,-10.0,64.1,11075.0,59064000.0,0
1.6,Healthcare,Kolkata,3,11,1,8,3,0.0,0,0,846000.0,4121000.0,2012000.0,26610100000.0,2151,29.7,73.5,303.0,10946000.0,1
4.7,CleanTech,Other,4,51,24,22,29,80870000.0,2,2,4778000.0,4701000.0,1328000.0,27671500000.0,5651,2.1,84.9,6028.0,60330000.0,1
2.8,AI/ML,Hyderabad,1,29,10,15,14,33560000.0,1,1,1965000.0,4319000.0,917000.0,36267900000.0,2075,-10.0,88.9,5462.0,24628000.0,1
14.0,Fintech,Chennai,4,58,3,31,27,124670000.0,6,3,5607000.0,7530000.0,1648000.0,72188500000.0,8161,-0.4,55.1,8829.0,47027000.0,1
12.2,AI/ML,Mumbai,4,108,24,58,50,9890000.0,3,1,13075000.0,12935000.0,4132000.0,55069400000.0,22577,16.2,47.1,4485.0,95486000.0,1
9.7,Technology,Mumbai,3,43,4,27,16,151910000.0,3,3,4432000.0,8173000.0,3613000.0,4986900000.0,6252,-10.0,82.9,1835.0,50745000.0,1
13.1,Logistics,Hyderabad,4,82,16,46,36,47260000.0,2,2,5879000.0,10373000.0,2835000.0,3189000000.0,11959,10.6,73.6,5036.0,68292000.0,1
12.2,E-commerce,Mumbai,3,78,8,45,33,11440000.0,2,1,5386000.0,8605000.0,1947000.0,45332800000.0,16768,40.2,74.3,21377.0,68717000.0,1
3.2,Fintech,Chennai,2,49,16,27,22,0.0,0,0,4193000.0,7290000.0,2011000.0,70970500000.0,3645,18.7,83.3,19956.0,55895000.0,1
13.4,FoodTech,Kolkata,3,69,17,51,18,32480000.0,1,1,10944000.0,8460000.0,3820000.0,25894000000.0,18544,44.4,60.7,11136.0,118054000.0,1
8.3,SaaS,Mumbai,4,57,19,41,16,104660000.0,4,2,5720000.0,6120000.0,2193000.0,19859400000.0,12076,9.1,68.6,21964.0,59682000.0,1
12.2,E-commerce,Hyderabad,2,92,22,46,46,36450000.0,6,2,6140000.0,7822000.0,2162000.0,59867900000.0,5594,43.4,79.3,5932.0,86513000.0,1
13.5,SaaS,Delhi,3,71,15,31,40,97420000.0,6,2,7171000.0,11557000.0,4203000.0,48187200000.0,6186,-10.0,58.7,14668.0,58754000.0,1
5.1,CleanTech,Delhi,4,42,16,29,13,0.0,0,0,3256000.0,5976000.0,2145000.0,45223900000.0,3270,31.2,64.4,3702.0,39195000.0,1
2.1,Healthcare,Bangalore,1,25,15,18,7,13720000.0,3,1,3001000.0,4205000.0,2403000.0,11986600000.0,7214,15.6,73.5,20860.0,38062000.0,1
3.8,Fintech,Other,1,26,2,13,13,0.0,0,0,3461000.0,4371000.0,1416000.0,14118100000.0,6325,47.8,79.3,3395.0,49288000.0,1
6.7,EdTech,Mumbai,3,68,11,35,33,233580000.0,3,3,6064000.0,6680000.0,3245000.0,22578900000.0,10204,8.9,51.8,942.0,47618000.0,1
12.4,Fintech,Other,3,59,1,43,16,121970000.0,12,4,5979000.0,6594000.0,2628000.0,16586800000.0,7675,-5.2,81.3,6945.0,70538000.0,0
13.0,AI/ML,Kolkata,1,76,15,49,27,6930000.0,3,1,13109000.0,11688000.0,3376000.0,77717000000.0,23803,29.1,78.1,22538.0,175248000.0,1
0.6,Logistics,Hyderabad,4,25,19,12,13,48030000.0,2,2,1905000.0,3853000.0,1200000.0,1538000000.0,6883,54.2,60.2,3367.0,21300000.0,1
7.9,AI/ML,Mumbai,4,44,4,26,18,78190000.0,6,2,4151000.0,5741000.0,1274000.0,50103200000.0,4088,23.2,98.0,8367.0,67423000.0,1
6.6,AI/ML,Pune,4,35,11,25,10,109020000.0,6,2,3894000.0,5345000.0,1593000.0,41432000000.0,5496,17.1,58.7,8013.0,38464000.0,1
3.7,CleanTech,Chennai,3,23,5,15,8,29830000.0,2,2,3150000.0,3606000.0,667000.0,25893900000.0,4254,-8.7,82.3,20071.0,35998000.0,1
2.2,E-commerce,Mumbai,2,19,3,12,7,0.0,0,0,1530000.0,3557000.0,1243000.0,71012700000.0,3399,38.8,75.9,10625.0,20006000.0,1
5.4,EdTech,Mumbai,2,47,13,30,17,159480000.0,12,4,5612000.0,7177000.0,2053000.0,53629500000.0,5769,16.9,66.2,15347.0,55922000.0,1
14.2,EdTech,Other,2,73,10,33,40,18970000.0,2,2,7712000.0,10439000.0,2963000.0,79868400000.0,24165,33.4,73.3,10199.0,95992000.0,0
5.2,AI/ML,Other,2,35,11,24,11,28650000.0,2,1,4070000.0,5691000.0,1504000.0,13534000000.0,10122,22.3,79.5,13854.0,53480000.0,1
8.0,SaaS,Delhi,2,53,18,26,27,102370000.0,4,2,5685000.0,7755000.0,2684000.0,7075000000.0,20524,62.9,98.0,1702.0,107351000.0,1
10.7,CleanTech,Chennai,3,48,2,34,14,11640000.0,3,1,4131000.0,4931000.0,2527000.0,11194800000.0,3432,5.7,51.7,9445.0,35446000.0,1
5.8,AI/ML,Hyderabad,3,67,7,35,32,33210000.0,6,2,4760000.0,6985000.0,1681000.0,21579800000.0,6364,6.5,34.0,21399.0,22905000.0,1
14.6,Healthcare,Mumbai,2,76,9,53,23,32510000.0,2,2,9619000.0,9104000.0,4808000.0,33372100000.0,14163,40.3,57.9,17323.0,90842000.0,1
14.5,Logistics,Delhi,3,66,10,32,34,229400000.0,4,4,8907000.0,7717000.0,3770000.0,69015100000.0,19956,40.8,71.6,24548.0,113627000.0,1
4.2,E-commerce,Other,3,31,18,17,14,0.0,0,0,4734000.0,6706000.0,3659000.0,22723200000.0,8541,41.5,81.3,19730.0,68077000.0,1
7.7,FoodTech,Bangalore,2,103,23,45,58,0.0,0,0,9274000.0,11249000.0,3699000.0,73223700000.0,26480,17.7,73.4,11370.0,114202000.0,1
4.9,Healthcare,Chennai,4,28,7,17,11,16550000.0,2,1,2292000.0,4027000.0,1347000.0,37059500000.0,8010,22.6,69.9,16956.0,26569000.0,0
4.6,SaaS,Delhi,3,48,7,33,15,0.0,0,0,4895000.0,6924000.0,2740000.0,51783200000.0,8811,-10.0,93.5,19431.0,68696000.0,1
1.0,Fintech,Delhi,4,7,3,4,3,95890000.0,6,2,1060000.0,2515000.0,1523000.0,21189400000.0,761,14.5,60.9,6852.0,10241000.0,1
9.3,Fintech,Kolkata,3,84,12,48,36,115330000.0,12,4,7203000.0,8122000.0,2657000.0,12523300000.0,10418,24.1,95.3,1641.0,112275000.0,1
7.8,Healthcare,Delhi,3,67,7,27,40,28970000.0,1,1,6726000.0,10226000.0,3951000.0,69563100000.0,9480,24.1,80.7,10235.0,92633000.0,1
1.2,AI/ML,Kolkata,2,31,17,22,9,157810000.0,3,3,2817000.0,6495000.0,2859000.0,8805000000.0,3254,1.3,93.0,3745.0,40206000.0,1
4.5,FoodTech,Mumbai,3,18,1,11,7,363300000.0,12,4,3293000.0,3252000.0,1924000.0,61933000000.0,1558,-6.2,58.8,7039.0,27059000.0,1
13.7,Technology,Mumbai,1,63,5,41,22,62360000.0,12,4,5790000.0,8547000.0,2979000.0,46499700000.0,17590,41.0,67.1,23679.0,70604000.0,1
4.0,Technology,Other,1,36,16,24,12,95680000.0,6,2,2789000.0,5886000.0,2486000.0,68898000000.0,2333,37.5,51.5,21200.0,25796000.0,1
2.6,SaaS,Bangalore,2,31,15,20,11,79370000.0,4,4,4723000.0,4964000.0,2275000.0,57439600000.0,6753,12.9,76.2,14873.0,56995000.0,1
7.6,AI/ML,Pune,4,37,2,20,17,116660000.0,6,2,4932000.0,7006000.0,3152000.0,22569000000.0,11085,40.7,76.5,10121.0,69721000.0,1
14.8,EdTech,Pune,4,66,9,43,23,26080000.0,3,1,5614000.0,8701000.0,3768000.0,45975500000.0,4931,38.7,98.0,6719.0,100992000.0,1
4.0,EdTech,Pune,4,34,7,21,13,50860000.0,6,2,2374000.0,3038000.0,602000.0,1095200000.0,1621,-10.0,73.1,14351.0,24171000.0,1
10.2,E-commerce,Other,1,55,4,38,17,14600000.0,2,1,3609000.0,7283000.0,1825000.0,38043700000.0,6360,15.7,50.8,13399.0,30325000.0,1
11.5,FoodTech,Kolkata,4,66,20,44,22,222840000.0,6,3,6750000.0,9299000.0,4032000.0,6926800000.0,8152,47.5,85.2,19552.0,104950000.0,1
3.9,FoodTech,Other,4,30,18,12,18,111730000.0,2,2,2956000.0,4213000.0,2263000.0,34344200000.0,4375,-10.0,59.2,23211.0,24405000.0,0
11.1,Fintech,Chennai,2,139,21,74,65,110550000.0,6,2,9277000.0,17953000.0,5618000.0,8813500000.0,22748,-10.0,54.2,8324.0,71463000.0,1
5.8,CleanTech,Chennai,4,36,4,14,22,0.0,0,0,2863000.0,5958000.0,2836000.0,76440600000.0,8216,31.8,81.8,5276.0,37628000.0,1
9.7,SaaS,Bangalore,1,70,13,30,40,102970000.0,2,2,5885000.0,7150000.0,2762000.0,41869300000.0,11789,46.4,61.2,10160.0,68472000.0,1
9.7,Technology,Chennai,1,48,1,29,19,160270000.0,3,3,4660000.0,6808000.0,1589000.0,73061800000.0,7763,11.8,63.6,11023.0,48653000.0,1
8.3,SaaS,Pune,1,53,24,37,16,20360000.0,2,2,6794000.0,8621000.0,4099000.0,1838200000.0,9954,7.7,91.6,1141.0,90056000.0,1
1.8,EdTech,Pune,2,15,3,6,9,0.0,0,0,1055000.0,2539000.0,619000.0,51030400000.0,878,-10.0,79.2,21563.0,11871000.0,1
12.6,EdTech,Other,2,68,16,37,31,0.0,0,0,5928000.0,10032000.0,3513000.0,24591000000.0,6681,11.4,80.4,24890.0,76156000.0,1
5.2,Healthcare,Delhi,3,65,22,46,19,17030000.0,1,1,4278000.0,9073000.0,2860000.0,34574700000.0,13279,-10.0,52.7,23092.0,34124000.0,0
3.2,E-commerce,Chennai,4,31,4,21,10,398980000.0,15,5,5110000.0,5366000.0,3215000.0,69853300000.0,3822,10.2,81.9,21538.0,64986000.0,1
1.1,FoodTech,Other,2,27,23,15,12,41550000.0,2,2,2715000.0,4604000.0,1474000.0,78402700000.0,8253,46.8,68.1,24816.0,33239000.0,1
9.1,Logistics,Mumbai,1,100,16,67,33,0.0,0,0,7118000.0,11000000.0,1179000.0,19757000000.0,8343,-10.0,65.8,22709.0,68402000.0,1
10.3,SaaS,Mumbai,1,62,19,36,26,222600000.0,5,5,4943000.0,9544000.0,2959000.0,75862900000.0,3396,12.4,77.7,17256.0,59143000.0,1
0.7,EdTech,Delhi,2,98,1,44,54,18820000.0,3,1,9336000.0,11629000.0,4375000.0,55113700000.0,19464,36.9,72.1,4294.0,125500000.0,1
7.9,CleanTech,Delhi,2,119,5,52,67,139880000.0,3,3,17212000.0,18977000.0,7921000.0,76115500000.0,27306,0.9,51.5,4035.0,134390000.0,1
3.8,Fintech,Delhi,2,33,19,15,18,0.0,0,0,3409000.0,5978000.0,2046000.0,45011200000.0,8887,27.0,85.3,1362.0,49248000.0,1
9.9,Technology,Other,3,62,22,32,30,31290000.0,1,1,6737000.0,10678000.0,4195000.0,76862500000.0,7840,35.8,86.7,10384.0,106269000.0,1
3.0,E-commerce,Mumbai,1,41,24,29,12,72340000.0,2,2,6779000.0,8512000.0,3358000.0,71401800000.0,11341,19.7,63.8,20249.0,70545000.0,1
10.5,CleanTech,Pune,3,67,11,45,22,223990000.0,6,3,5580000.0,8065000.0,3410000.0,10330900000.0,11334,20.2,80.5,12334.0,77291000.0,0
6.1,E-commerce,Delhi,3,46,13,25,21,44840000.0,2,2,3272000.0,6577000.0,2719000.0,24897700000.0,2169,-6.2,84.8,9253.0,37834000.0,1
14.1,Healthcare,Bangalore,4,124,20,70,54,35410000.0,4,2,9887000.0,11925000.0,3548000.0,19482900000.0,6210,9.2,45.8,2865.0,76440000.0,1
2.5,Logistics,Kolkata,1,33,5,16,17,0.0,0,0,2131000.0,3922000.0,700000.0,45789300000.0,5693,21.6,64.8,1436.0,23828000.0,0
5.4,EdTech,Other,1,41,21,26,15,56470000.0,6,3,4511000.0,5136000.0,908000.0,64233800000.0,5709,-10.0,41.5,10070.0,22186000.0,0
2.1,Fintech,Delhi,2,13,4,8,5,0.0,0,0,1022000.0,3205000.0,1876000.0,60764900000.0,664,-10.0,80.9,2633.0,11679000.0,1
13.9,CleanTech,Kolkata,2,76,4,36,40,0.0,0,0,10902000.0,11431000.0,3714000.0,58153600000.0,20351,14.6,78.3,2723.0,138670000.0,1
13.2,E-commerce,Hyderabad,4,58,4,24,34,386890000.0,8,4,9627000.0,8872000.0,5034000.0,30052400000.0,13978,26.3,62.8,9974.0,105321000.0,1
4.2,FoodTech,Delhi,3,43,4,26,17,112630000.0,4,2,6790000.0,7154000.0,4247000.0,11214000000.0,10737,19.9,69.9,12646.0,82018000.0,1
10.1,Healthcare,Mumbai,2,61,20,36,25,115330000.0,6,2,6659000.0,6237000.0,3209000.0,16886200000.0,8929,-10.0,66.8,4789.0,58738000.0,1
12.3,FoodTech,Chennai,2,71,21,38,33,450000000.0,6,6,9733000.0,8817000.0,3194000.0,59347100000.0,18119,42.3,43.4,17163.0,75812000.0,1
8.6,Fintech,Delhi,1,48,18,30,18,142720000.0,3,3,3868000.0,6021000.0,1337000.0,11845400000.0,7013,20.3,90.2,10554.0,55297000.0,1
8.2,CleanTech,Other,1,65,18,38,27,253440000.0,8,4,10436000.0,9512000.0,3415000.0,17874600000.0,16550,39.4,75.6,2434.0,135626000.0,1
4.0,Healthcare,Chennai,2,30,16,14,16,64480000.0,3,3,4903000.0,5771000.0,2814000.0,33993000000.0,7649,3.9,70.0,15980.0,54349000.0,1
1.8,CleanTech,Hyderabad,1,36,9,19,17,0.0,0,0,3823000.0,6232000.0,1983000.0,5815400000.0,7844,23.8,70.1,9020.0,42982000.0,1
13.5,EdTech,Bangalore,4,78,18,42,36,450000000.0,10,5,9411000.0,10058000.0,4430000.0,17054700000.0,11278,29.4,81.9,1450.0,130923000.0,1
13.6,AI/ML,Chennai,2,95,22,67,28,450000000.0,15,5,10214000.0,10986000.0,3783000.0,12024000000.0,13296,40.1,49.8,23707.0,87800000.0,1
9.7,Healthcare,Kolkata,1,53,2,39,14,28540000.0,1,1,9444000.0,8979000.0,5529000.0,76108200000.0,17747,38.2,59.7,14344.0,103845000.0,1
5.4,FoodTech,Pune,4,39,21,27,12,364220000.0,8,4,4225000.0,3867000.0,1338000.0,15362500000.0,3087,0.4,75.0,12021.0,43742000.0,1
5.6,Fintech,Delhi,1,47,4,30,17,0.0,0,0,5722000.0,8743000.0,3204000.0,68948500000.0,11361,15.5,87.6,21500.0,83983000.0,1
11.0,Logistics,Hyderabad,1,54,12,32,22,66100000.0,2,2,6456000.0,10038000.0,4729000.0,9228100000.0,7919,6.5,38.3,23428.0,42980000.0,1
13.5,EdTech,Hyderabad,1,69,7,44,25,135650000.0,9,3,5427000.0,7874000.0,3877000.0,69580400000.0,11129,21.1,85.9,5625.0,78181000.0,1
13.4,AI/ML,Chennai,2,68,15,49,19,34860000.0,2,1,8887000.0,6740000.0,2174000.0,47974700000.0,12055,-10.0,62.1,20282.0,80066000.0,1
11.8,Logistics,Bangalore,3,73,7,35,38,33480000.0,3,1,6357000.0,6756000.0,2445000.0,67984000000.0,4670,-10.0,68.0,20802.0,55437000.0,1
9.8,Technology,Mumbai,1,93,22,54,39,165840000.0,9,3,14566000.0,8940000.0,3872000.0,69394500000.0,21869,70.5,72.5,1502.0,213340000.0,1
1.7,EdTech,Delhi,4,35,21,22,13,66030000.0,6,3,2946000.0,6095000.0,1991000.0,47730100000.0,2671,60.6,56.5,17842.0,33262000.0,1
2.8,Fintech,Hyderabad,2,36,17,22,14,0.0,0,0,3679000.0,4588000.0,1513000.0,73419600000.0,9352,43.7,54.6,1715.0,36243000.0,1
13.5,E-commerce,Bangalore,2,88,16,42,46,55410000.0,2,2,7254000.0,11112000.0,3739000.0,46856600000.0,5918,28.7,74.9,14928.0,89654000.0,1
9.3,Healthcare,Pune,4,52,19,31,21,225380000.0,9,3,4811000.0,7958000.0,3702000.0,57019600000.0,4097,35.1,98.0,16781.0,85412000.0,1
0.6,CleanTech,Hyderabad,1,47,9,31,16,35240000.0,6,2,3567000.0,4365000.0,853000.0,33315600000.0,13805,35.1,58.8,9271.0,34885000.0,1
2.0,Fintech,Bangalore,3,22,14,12,10,40370000.0,6,2,3158000.0,4938000.0,2116000.0,73129700000.0,4518,54.4,58.6,22038.0,36338000.0,1
10.1,Healthcare,Other,1,116,17,78,38,187730000.0,12,4,10550000.0,15122000.0,5255000.0,65941800000.0,10222,7.2,54.9,20043.0,92479000.0,1
0.6,Logistics,Mumbai,4,26,5,13,13,237020000.0,3,3,3155000.0,4712000.0,2073000.0,13378700000.0,4331,1.3,68.8,23160.0,32476000.0,1
2.8,CleanTech,Mumbai,2,35,2,25,10,0.0,0,0,2236000.0,4121000.0,1821000.0,46132200000.0,6140,17.7,58.2,7975.0,23802000.0,0
8.5,SaaS,Hyderabad,3,66,20,38,28,84980000.0,4,2,7593000.0,9342000.0,4892000.0,71751300000.0,10927,31.1,58.5,685.0,77785000.0,1
10.5,FoodTech,Kolkata,2,64,16,38,26,120050000.0,6,3,10124000.0,9144000.0,4951000.0,63455500000.0,16555,12.4,74.9,20315.0,123043000.0,1
10.0,Technology,Hyderabad,4,63,14,25,38,37110000.0,6,2,6218000.0,7709000.0,4029000.0,77006100000.0,13156,5.8,51.8,5691.0,51163000.0,1
3.8,EdTech,Chennai,1,27,14,12,15,11680000.0,3,1,1812000.0,3862000.0,2210000.0,18542600000.0,2901,49.6,94.7,11759.0,31759000.0,1
10.8,Fintech,Delhi,3,58,1,36,22,29080000.0,2,1,6070000.0,8456000.0,2376000.0,29428400000.0,9234,-0.4,55.5,20460.0,50149000.0,0
3.9,Technology,Bangalore,2,32,3,17,15,229780000.0,3,3,3434000.0,4362000.0,1075000.0,40600000000.0,2820,50.3,87.8,5521.0,56763000.0,1
5.2,E-commerce,Hyderabad,2,59,7,34,25,19790000.0,2,1,4167000.0,6040000.0,2737000.0,18651900000.0,7504,39.2,98.0,7901.0,72266000.0,1
11.3,Healthcare,Delhi,2,67,15,28,39,54700000.0,2,2,9536000.0,9343000.0,3959000.0,31553900000.0,24786,60.1,88.8,11061.0,152684000.0,1
9.9,Healthcare,Chennai,1,56,19,38,18,101800000.0,6,2,6423000.0,6763000.0,2375000.0,43026300000.0,12738,66.0,87.0,6905.0,106066000.0,1
12.8,Fintech,Other,3,72,20,48,24,182010000.0,6,3,9646000.0,6882000.0,1910000.0,15347600000.0,20640,26.1,83.1,11614.0,139913000.0,1
10.0,AI/ML,Other,1,57,2,26,31,21680000.0,4,2,5849000.0,7645000.0,1895000.0,20572200000.0,6985,63.7,75.0,388.0,87249000.0,1
8.7,AI/ML,Delhi,1,54,19,33,21,15520000.0,3,1,4485000.0,8005000.0,3171000.0,10031200000.0,5794,29.1,88.5,5423.0,65007000.0,1
1.9,SaaS,Hyderabad,1,19,9,13,6,183980000.0,3,3,3053000.0,4398000.0,1947000.0,57084800000.0,2746,26.7,68.4,20839.0,34258000.0,1
5.8,FoodTech,Mumbai,4,64,19,39,25,77340000.0,4,2,7330000.0,9882000.0,3926000.0,28956100000.0,9152,22.3,84.1,10425.0,99495000.0,1
4.3,CleanTech,Bangalore,4,34,5,17,17,0.0,0,0,3964000.0,5793000.0,2564000.0,17660300000.0,7242,8.4,87.5,15965.0,56880000.0,1
4.0,E-commerce,Bangalore,4,41,18,25,16,30980000.0,1,1,2953000.0,5334000.0,2139000.0,40610600000.0,9160,34.7,79.1,5922.0,38233000.0,1
14.6,Technology,Other,3,76,16,35,41,23650000.0,4,2,10597000.0,10430000.0,4755000.0,5506500000.0,17009,43.3,68.2,16299.0,126279000.0,1
6.2,AI/ML,Other,1,47,4,24,23,193430000.0,6,3,6348000.0,6868000.0,3309000.0,73876400000.0,7042,-10.0,78.8,24999.0,71909000.0,0
13.4,SaaS,Mumbai,1,68,12,32,36,0.0,0,0,7740000.0,9381000.0,3106000.0,23592700000.0,22965,74.3,66.8,14943.0,97897000.0,1
9.7,SaaS,Kolkata,4,64,7,38,26,450000000.0,5,5,10959000.0,11022000.0,5248000.0,70922800000.0,22377,53.7,64.4,15765.0,131896000.0,1
12.0,Fintech,Hyderabad,1,60,14,26,34,81890000.0,4,2,4998000.0,7248000.0,1819000.0,39834700000.0,8022,5.2,83.0,2921.0,61072000.0,1
7.8,E-commerce,Other,1,79,23,57,22,20090000.0,2,1,5285000.0,10010000.0,2515000.0,68019500000.0,21490,30.4,74.0,10174.0,64475000.0,1
8.9,Logistics,Other,2,55,12,28,27,370910000.0,12,4,7005000.0,9391000.0,3734000.0,19802800000.0,9272,17.1,82.9,21539.0,91990000.0,1
7.6,CleanTech,Other,1,41,3,19,22,91450000.0,4,2,3555000.0,7209000.0,3452000.0,14062900000.0,9844,25.3,74.1,20882.0,43691000.0,0
3.3,FoodTech,Bangalore,2,31,5,17,14,31690000.0,3,1,2701000.0,4648000.0,2127000.0,67960500000.0,7975,15.0,79.1,13132.0,33449000.0,1
11.0,EdTech,Hyderabad,1,72,17,35,37,46830000.0,4,2,5426000.0,9827000.0,2323000.0,17073300000.0,4360,29.5,91.6,22601.0,84709000.0,1
4.6,Fintech,Chennai,3,28,10,16,12,15440000.0,3,1,3186000.0,3798000.0,973000.0,59708300000.0,4095,-5.5,69.7,3702.0,34469000.0,1
0.9,CleanTech,Hyderabad,4,32,10,16,16,23660000.0,1,1,6521000.0,5728000.0,2635000.0,27599500000.0,13177,66.2,66.3,16506.0,86996000.0,1
9.9,EdTech,Delhi,2,53,11,23,30,118370000.0,2,2,6611000.0,7089000.0,4126000.0,59868100000.0,7344,-3.9,78.0,6335.0,80994000.0,1
3.1,EdTech,Mumbai,4,61,17,30,31,195800000.0,8,4,8172000.0,9189000.0,4210000.0,72616300000.0,17592,30.2,35.9,16192.0,49680000.0,1
14.1,E-commerce,Kolkata,2,85,5,47,38,150160000.0,12,6,7427000.0,11863000.0,3834000.0,78532000000.0,6926,3.1,81.9,2322.0,92249000.0,1
14.3,E-commerce,Other,2,73,13,29,44,63990000.0,6,2,9329000.0,10210000.0,5224000.0,28816800000.0,13962,14.6,59.9,23599.0,90298000.0,1
13.8,Technology,Other,2,87,10,58,29,154010000.0,9,3,13050000.0,11188000.0,3962000.0,29433700000.0,24826,28.1,95.5,19690.0,200576000.0,1
5.9,SaaS,Hyderabad,3,37,9,22,15,29030000.0,1,1,2861000.0,5175000.0,2095000.0,78511900000.0,5809,20.2,83.1,5144.0,40384000.0,1
0.7,CleanTech,Kolkata,1,17,17,10,7,194040000.0,6,3,2482000.0,4021000.0,1340000.0,68929200000.0,2920,20.8,84.8,15986.0,34061000.0,1
14.0,Fintech,Other,2,105,1,62,43,245200000.0,9,3,9987000.0,14646000.0,5133000.0,3655100000.0,6603,9.9,85.2,19015.0,133099000.0,0
6.7,Healthcare,Kolkata,3,45,4,27,18,99170000.0,2,2,3357000.0,6539000.0,1403000.0,45897300000.0,2260,2.8,65.6,5355.0,34166000.0,0
14.5,Fintech,Chennai,2,70,4,50,20,48610000.0,2,2,5671000.0,8697000.0,3273000.0,14540500000.0,12848,32.6,68.4,2469.0,64530000.0,1
14.5,Technology,Pune,1,80,18,32,48,439240000.0,15,5,9913000.0,12395000.0,3601000.0,79521300000.0,17231,-0.8,48.3,8892.0,67890000.0,0
12.9,FoodTech,Mumbai,2,64,9,26,38,305170000.0,8,4,11258000.0,10844000.0,6141000.0,11156900000.0,15634,3.7,92.9,3523.0,161689000.0,1
4.8,SaaS,Kolkata,3,93,18,43,50,423680000.0,4,4,8713000.0,12103000.0,4006000.0,44769800000.0,17246,4.0,54.0,14208.0,73747000.0,1
6.1,Healthcare,Bangalore,1,37,14,16,21,9160000.0,3,1,4663000.0,5813000.0,3466000.0,53232600000.0,8746,10.7,71.8,10689.0,57973000.0,1
12.8,AI/ML,Delhi,3,68,15,31,37,77590000.0,3,3,5251000.0,8074000.0,1691000.0,74968300000.0,11892,-10.0,89.2,11641.0,67736000.0,1
5.1,FoodTech,Bangalore,1,35,6,22,13,69830000.0,6,3,3729000.0,6140000.0,2689000.0,67788300000.0,5900,-10.0,93.5,13640.0,50943000.0,0
3.0,E-commerce,Other,1,40,24,22,18,78950000.0,6,2,5114000.0,5616000.0,2149000.0,19698100000.0,10469,29.9,68.5,24554.0,65562000.0,0
8.6,EdTech,Chennai,4,51,10,38,13,65450000.0,6,3,3692000.0,7494000.0,2284000.0,45831300000.0,9702,30.2,48.1,19847.0,30896000.0,1
14.1,AI/ML,Chennai,4,71,15,34,37,178310000.0,6,3,9764000.0,10441000.0,4360000.0,76288200000.0,12065,24.8,75.2,15792.0,124544000.0,1
10.6,Fintech,Bangalore,4,47,4,23,24,0.0,0,0,4486000.0,5236000.0,1807000.0,58870600000.0,5117,48.3,76.7,9188.0,56295000.0,1
8.8,Fintech,Mumbai,1,54,18,40,14,218070000.0,8,4,5852000.0,5867000.0,1593000.0,55082500000.0,11564,-1.4,77.9,823.0,66819000.0,1
1.9,E-commerce,Bangalore,2,58,18,40,18,0.0,0,0,3648000.0,6012000.0,1684000.0,60404300000.0,2577,-10.0,67.7,3046.0,35750000.0,1
9.4,Technology,Hyderabad,3,52,17,29,23,392650000.0,12,4,6085000.0,7387000.0,2077000.0,25834400000.0,6765,35.3,70.1,18312.0,71831000.0,1
14.9,CleanTech,Other,3,90,12,53,37,76910000.0,6,2,10126000.0,11502000.0,3188000.0,58353700000.0,12083,-10.0,62.3,9325.0,91449000.0,1
2.5,AI/ML,Other,3,36,7,25,11,11260000.0,1,1,2884000.0,5345000.0,842000.0,18666700000.0,10103,15.0,74.2,8461.0,35302000.0,1
8.0,AI/ML,Bangalore,4,69,16,39,30,185470000.0,4,4,7692000.0,8764000.0,3661000.0,34276800000.0,17558,24.1,83.2,22241.0,109959000.0,1
13.2,Logistics,Delhi,1,94,11,44,50,20900000.0,1,1,9445000.0,10107000.0,3214000.0,71199800000.0,18024,63.3,75.7,12190.0,137283000.0,1
11.2,FoodTech,Delhi,4,60,14,41,19,9650000.0,2,1,3982000.0,7187000.0,1725000.0,1566700000.0,12079,6.0,71.4,22504.0,40698000.0,1
10.6,SaaS,Other,2,48,3,28,20,168880000.0,9,3,5162000.0,7437000.0,2461000.0,33174800000.0,12167,7.6,87.7,22183.0,70451000.0,1
10.7,FoodTech,Pune,1,67,19,30,37,34980000.0,3,1,7517000.0,7638000.0,3233000.0,21382400000.0,13597,32.5,75.6,2143.0,96130000.0,1
5.7,CleanTech,Delhi,3,41,18,23,18,177550000.0,6,3,4377000.0,7194000.0,2594000.0,15927200000.0,7369,31.2,72.4,23642.0,52529000.0,1
4.8,Fintech,Bangalore,4,47,10,25,22,56320000.0,2,2,5938000.0,6224000.0,3152000.0,67094100000.0,8101,10.4,73.1,2062.0,67319000.0,1
12.2,Fintech,Delhi,4,68,6,48,20,181310000.0,12,4,8274000.0,9292000.0,3721000.0,55735100000.0,8752,22.1,55.1,24093.0,73751000.0,1
12.2,Fintech,Other,2,90,13,39,51,238040000.0,6,3,10498000.0,13544000.0,4335000.0,9055000000.0,21122,1.8,56.7,11397.0,88864000.0,1
13.1,Logistics,Mumbai,2,61,10,43,18,450000000.0,6,6,9465000.0,10083000.0,3739000.0,39582300000.0,16170,27.8,70.3,19057.0,110131000.0,1
13.7,Fintech,Kolkata,4,106,18,61,45,0.0,0,0,10988000.0,14941000.0,4526000.0,37379100000.0,17949,-10.0,61.7,17698.0,105018000.0,0
7.9,CleanTech,Delhi,2,52,20,28,24,15600000.0,1,1,7394000.0,6484000.0,3888000.0,11445100000.0,15493,82.0,71.4,13035.0,109395000.0,1
7.8,E-commerce,Hyderabad,3,54,16,24,30,450000000.0,12,6,6183000.0,7050000.0,2519000.0,63991000000.0,17612,33.9,84.0,15543.0,90626000.0,1
12.1,SaaS,Mumbai,2,61,6,39,22,14440000.0,3,1,3941000.0,6194000.0,2471000.0,29365600000.0,5865,-6.2,81.9,23755.0,47883000.0,0
9.9,CleanTech,Pune,2,71,13,51,20,62000000.0,3,3,7326000.0,10639000.0,2813000.0,60966900000.0,7915,12.1,77.5,23195.0,84768000.0,1
10.7,SaaS,Hyderabad,4,54,4,28,26,0.0,0,0,3703000.0,6596000.0,3261000.0,15405400000.0,4650,-5.2,83.8,16410.0,47336000.0,1
12.0,CleanTech,Bangalore,4,109,23,52,57,0.0,0,0,11659000.0,14570000.0,4001000.0,25240100000.0,21339,-0.0,86.4,16494.0,170056000.0,1
13.4,Fintech,Kolkata,1,99,14,58,41,44090000.0,4,2,12598000.0,14968000.0,4696000.0,7658900000.0,25197,22.7,85.9,6286.0,172844000.0,1
5.4,E-commerce,Bangalore,1,53,1,35,18,40060000.0,2,2,4400000.0,8002000.0,2675000.0,11521200000.0,13026,48.6,85.6,20741.0,67367000.0,1
5.9,AI/ML,Kolkata,4,40,20,16,24,37450000.0,9,3,5113000.0,7438000.0,4112000.0,70660500000.0,8194,15.8,55.2,15870.0,43942000.0,1
1.9,FoodTech,Kolkata,2,40,5,24,16,0.0,0,0,3821000.0,4520000.0,2083000.0,8773600000.0,4078,-10.0,45.5,20682.0,25476000.0,1
8.9,EdTech,Bangalore,2,64,8,38,26,81600000.0,2,2,4652000.0,10064000.0,3151000.0,7703700000.0,3233,4.5,61.1,16498.0,43183000.0,1
1.0,E-commerce,Hyderabad,1,15,12,7,8,129030000.0,8,4,2068000.0,3408000.0,2023000.0,75233200000.0,1481,5.9,65.6,7588.0,20357000.0,1
7.3,AI/ML,Hyderabad,1,32,2,17,15,240650000.0,9,3,3412000.0,7038000.0,2999000.0,51690000000.0,6247,20.0,85.0,4859.0,48418000.0,0
8.4,Technology,Kolkata,1,44,12,21,23,124890000.0,9,3,6707000.0,5913000.0,2075000.0,8118200000.0,10652,14.9,70.6,2063.0,77090000.0,1
4.7,CleanTech,Hyderabad,3,22,5,14,8,0.0,0,0,2372000.0,4349000.0,1725000.0,77738800000.0,4023,-10.0,65.3,14712.0,23638000.0,1
9.1,Technology,Kolkata,3,65,22,40,25,40370000.0,2,2,5283000.0,8304000.0,2209000.0,11810600000.0,4933,-2.3,74.3,7209.0,58651000.0,1
0.9,AI/ML,Other,1,61,5,35,26,25760000.0,3,1,4089000.0,7335000.0,2511000.0,61319300000.0,2900,-6.4,79.5,15818.0,47274000.0,1
1.0,E-commerce,Kolkata,2,23,13,12,11,11050000.0,1,1,2504000.0,4827000.0,2422000.0,2836400000.0,6923,37.7,82.9,1608.0,35876000.0,1
12.4,CleanTech,Other,1,68,9,34,34,6620000.0,1,1,5664000.0,7981000.0,2260000.0,49982100000.0,4243,11.7,66.2,9485.0,59871000.0,1
5.7,EdTech,Mumbai,3,82,10,56,26,170010000.0,3,3,7528000.0,9593000.0,3382000.0,43759000000.0,9047,-10.0,58.6,6625.0,59270000.0,0
2.3,Fintech,Chennai,2,14,1,7,7,20550000.0,1,1,1144000.0,3923000.0,1667000.0,16679900000.0,827,-1.1,61.1,9353.0,11055000.0,1
8.1,CleanTech,Mumbai,3,64,3,36,28,450000000.0,6,6,11563000.0,9653000.0,4360000.0,51469500000.0,14582,43.8,73.7,1499.0,156642000.0,1
11.7,CleanTech,Bangalore,2,73,18,42,31,98120000.0,6,2,6602000.0,8424000.0,2913000.0,49383400000.0,8897,4.8,57.3,18146.0,58708000.0,1
3.6,E-commerce,Chennai,3,36,12,20,16,409830000.0,4,4,4713000.0,5118000.0,2557000.0,63878200000.0,3062,3.1,85.3,3050.0,60195000.0,1
9.5,E-commerce,Delhi,2,46,3,22,24,23370000.0,2,2,5990000.0,5920000.0,2502000.0,70076100000.0,8674,14.3,57.4,508.0,59800000.0,1
1.7,AI/ML,Bangalore,2,26,9,11,15,21480000.0,2,2,3027000.0,4385000.0,1495000.0,40832900000.0,3719,23.0,50.2,23665.0,24323000.0,1
1.2,Healthcare,Pune,2,7,2,3,4,34620000.0,1,1,684000.0,2631000.0,1354000.0,39249100000.0,603,14.9,74.2,4943.0,7833000.0,1
8.2,CleanTech,Mumbai,2,56,3,37,19,175890000.0,3,3,7814000.0,8937000.0,2870000.0,49746600000.0,14714,40.5,68.1,20727.0,93159000.0,1
8.3,FoodTech,Hyderabad,4,49,14,23,26,92140000.0,2,2,8089000.0,5925000.0,2461000.0,58350100000.0,12145,14.9,78.6,24117.0,105108000.0,1
9.7,CleanTech,Mumbai,3,74,4,31,43,95730000.0,12,4,5267000.0,7296000.0,2286000.0,28525900000.0,9580,32.8,65.0,13423.0,62707000.0,1
11.0,AI/ML,Hyderabad,3,66,19,44,22,51250000.0,3,3,4410000.0,7334000.0,1513000.0,40396100000.0,6388,22.3,77.6,13224.0,58822000.0,0
14.6,SaaS,Chennai,4,71,13,32,39,34150000.0,2,2,5193000.0,7740000.0,2734000.0,46829100000.0,3565,-10.0,86.1,9280.0,60649000.0,1
8.0,Technology,Pune,2,55,7,34,21,128710000.0,9,3,5603000.0,7654000.0,3044000.0,79070800000.0,13051,57.3,63.3,10726.0,66754000.0,1
5.2,Fintech,Chennai,2,33,12,17,16,28920000.0,6,2,4551000.0,5055000.0,2631000.0,47037600000.0,10153,43.4,79.2,12130.0,63530000.0,1
12.0,Healthcare,Pune,3,71,3,31,40,333220000.0,10,5,7966000.0,8854000.0,3381000.0,17973700000.0,6941,5.5,97.1,3930.0,120479000.0,1
4.4,EdTech,Mumbai,4,87,23,47,40,157830000.0,9,3,6581000.0,11710000.0,3885000.0,47059800000.0,13751,15.6,82.8,9214.0,86513000.0,1
6.9,EdTech,Hyderabad,2,68,23,27,41,17450000.0,6,2,6507000.0,10228000.0,3487000.0,65569000000.0,6596,31.5,60.9,20430.0,70389000.0,1
1.6,EdTech,Chennai,2,13,9,9,4,0.0,0,0,1021000.0,4619000.0,2160000.0,68599400000.0,1980,22.0,76.7,4683.0,12677000.0,1
0.9,E-commerce,Pune,2,18,2,10,8,117440000.0,6,3,1819000.0,3237000.0,1147000.0,64030000000.0,937,20.4,53.8,18287.0,15259000.0,1
14.5,EdTech,Kolkata,1,93,22,41,52,6600000.0,1,1,9632000.0,12966000.0,4284000.0,71062300000.0,27764,29.1,55.8,16342.0,97476000.0,1
12.6,Fintech,Bangalore,4,83,9,40,43,65060000.0,6,3,11737000.0,11828000.0,5376000.0,26814600000.0,19011,25.8,92.9,1574.0,182358000.0,1
10.6,Technology,Bangalore,2,52,12,28,24,41630000.0,2,2,3909000.0,5540000.0,2216000.0,40630300000.0,7194,25.9,77.7,707.0,52598000.0,1
6.4,EdTech,Chennai,1,45,12,20,25,0.0,0,0,3016000.0,5227000.0,1204000.0,62378300000.0,12152,20.0,93.5,8910.0,44369000.0,1
3.0,CleanTech,Hyderabad,4,35,15,17,18,191060000.0,9,3,4466000.0,6677000.0,3607000.0,21192800000.0,3625,32.1,78.0,17350.0,57672000.0,1
2.8,CleanTech,Kolkata,2,15,2,8,7,64880000.0,6,3,1632000.0,2917000.0,736000.0,29757900000.0,1039,22.6,64.4,8361.0,16334000.0,1
4.1,E-commerce,Chennai,3,36,18,24,12,27140000.0,1,1,3501000.0,6692000.0,2879000.0,66500900000.0,10553,23.2,72.6,16743.0,40751000.0,1
8.5,Fintech,Mumbai,1,53,13,28,25,0.0,0,0,3333000.0,6827000.0,1967000.0,61618300000.0,8238,48.2,75.8,16687.0,44988000.0,1
10.9,Technology,Pune,1,81,14,52,29,0.0,0,0,11302000.0,11960000.0,4519000.0,77697400000.0,24430,27.5,98.0,20193.0,182381000.0,1
10.1,Healthcare,Other,2,84,5,59,25,21980000.0,6,2,9994000.0,10895000.0,4238000.0,79678100000.0,18303,25.3,81.8,2622.0,136391000.0,1
4.6,AI/ML,Mumbai,2,41,10,19,22,220930000.0,8,4,7303000.0,6032000.0,2175000.0,19297500000.0,9916,-1.6,61.6,14492.0,63344000.0,1
14.3,Technology,Bangalore,1,74,12,50,24,179190000.0,9,3,7234000.0,9765000.0,1842000.0,72041000000.0,14609,-0.4,69.3,1703.0,72323000.0,1
11.2,AI/ML,Pune,3,57,10,37,20,248210000.0,6,3,5107000.0,6957000.0,1626000.0,7606500000.0,5069,43.1,78.6,4522.0,72444000.0,1
8.5,SaaS,Chennai,3,113,24,59,54,116840000.0,4,2,15517000.0,16215000.0,6635000.0,56798500000.0,32314,30.6,56.8,8239.0,165624000.0,0
9.4,AI/ML,Mumbai,4,107,11,79,28,121890000.0,6,3,9467000.0,10941000.0,3631000.0,17646900000.0,10507,38.2,71.8,17729.0,121743000.0,1
6.6,FoodTech,Delhi,2,66,2,32,34,23480000.0,2,1,8436000.0,10595000.0,4244000.0,24059900000.0,14962,22.3,69.1,24351.0,97831000.0,1
4.1,CleanTech,Other,3,43,5,21,22,110470000.0,6,2,5944000.0,6413000.0,3074000.0,75708400000.0,7904,26.7,78.8,8662.0,77904000.0,1
5.7,Fintech,Hyderabad,4,34,7,22,12,0.0,0,0,3737000.0,5181000.0,1937000.0,21088900000.0,7362,14.8,70.6,13100.0,38509000.0,1
11.5,Logistics,Kolkata,3,76,6,41,35,351200000.0,15,5,7619000.0,10734000.0,3746000.0,53870600000.0,17902,17.4,52.4,6588.0,63814000.0,1
0.7,E-commerce,Kolkata,2,28,22,14,14,44700000.0,4,2,3463000.0,4184000.0,2516000.0,14291400000.0,6359,8.8,71.4,16936.0,36787000.0,0
2.2,FoodTech,Hyderabad,4,33,23,15,18,65840000.0,9,3,3974000.0,5369000.0,2177000.0,7516500000.0,10467,47.3,82.8,9260.0,61895000.0,0
1.2,AI/ML,Delhi,4,27,3,18,9,0.0,0,0,2759000.0,5320000.0,2280000.0,27178400000.0,6019,2.3,92.2,12118.0,40720000.0,1
1.1,EdTech,Bangalore,4,16,13,10,6,192790000.0,9,3,2896000.0,4095000.0,1476000.0,49954500000.0,2528,24.8,85.5,14260.0,39969000.0,1
12.9,Fintech,Pune,3,54,3,32,22,118720000.0,2,2,7042000.0,8681000.0,2710000.0,19873200000.0,14031,14.6,49.7,17203.0,55873000.0,1
10.7,FoodTech,Hyderabad,2,70,24,51,19,30850000.0,2,1,5703000.0,9994000.0,2298000.0,24048500000.0,18581,38.9,53.3,1642.0,49698000.0,1
7.4,E-commerce,Delhi,4,55,21,28,27,38750000.0,4,2,6208000.0,6020000.0,3422000.0,56712900000.0,14624,23.0,57.2,13939.0,61348000.0,1
1.9,CleanTech,Chennai,1,46,6,21,25,0.0,0,0,4264000.0,6161000.0,1861000.0,8268500000.0,14609,28.2,93.1,10864.0,69765000.0,1
7.6,Fintech,Other,2,41,11,26,15,47610000.0,2,2,2916000.0,5142000.0,1946000.0,35780100000.0,3239,22.6,78.9,3474.0,38851000.0,1
7.4,E-commerce,Kolkata,1,45,17,29,16,309260000.0,8,4,5721000.0,7963000.0,3492000.0,75341700000.0,5100,-3.8,98.0,5320.0,83575000.0,1
3.0,SaaS,Other,1,22,10,10,12,0.0,0,0,2860000.0,4232000.0,1176000.0,31787900000.0,5992,30.1,90.0,22115.0,43777000.0,1
6.8,SaaS,Delhi,4,37,12,15,22,159730000.0,8,4,3533000.0,5622000.0,1625000.0,34764400000.0,2490,15.8,73.3,21814.0,42481000.0,0
6.3,E-commerce,Other,4,39,17,26,13,41900000.0,6,2,3628000.0,6344000.0,2426000.0,59069400000.0,6060,1.2,65.6,978.0,35396000.0,0
9.4,FoodTech,Bangalore,3,56,4,41,15,28270000.0,2,2,5045000.0,5724000.0,1138000.0,62332000000.0,11101,-10.0,77.2,17282.0,54852000.0,1
9.7,Fintech,Bangalore,3,48,2,30,18,79010000.0,12,4,3378000.0,6977000.0,2439000.0,61580000000.0,2111,0.0,83.8,13922.0,44580000.0,0
1.2,FoodTech,Mumbai,3,35,11,17,18,30750000.0,2,1,3712000.0,6057000.0,2268000.0,79829500000.0,11195,34.8,89.0,23504.0,58767000.0,1
5.9,Healthcare,Hyderabad,2,102,7,76,26,0.0,0,0,19378000.0,12146000.0,4669000.0,5762500000.0,39249,56.8,68.0,22714.0,242650000.0,1
9.6,AI/ML,Mumbai,3,56,2,39,17,26680000.0,2,2,5797000.0,7332000.0,3356000.0,78581200000.0,7272,20.6,98.0,14552.0,98347000.0,1
7.8,Healthcare,Other,1,46,18,26,20,42360000.0,4,2,6431000.0,7017000.0,3693000.0,76017700000.0,8886,-3.9,71.4,3603.0,65429000.0,1
12.9,SaaS,Kolkata,3,70,21,48,22,228510000.0,6,3,6932000.0,6811000.0,2072000.0,68178500000.0,5939,27.2,88.6,11576.0,110104000.0,1
10.1,CleanTech,Delhi,4,75,4,51,24,0.0,0,0,9405000.0,8021000.0,2342000.0,36357300000.0,21499,41.7,76.7,18170.0,122397000.0,1
2.9,Technology,Pune,3,29,8,21,8,0.0,0,0,2586000.0,5371000.0,3068000.0,69678600000.0,6560,60.3,67.0,23801.0,32854000.0,1
1.5,AI/ML,Other,2,48,20,33,15,26470000.0,3,1,3701000.0,5776000.0,1869000.0,17705600000.0,15442,45.8,44.5,9191.0,30638000.0,1
9.8,SaaS,Pune,2,79,14,49,30,176700000.0,12,4,7702000.0,8474000.0,2195000.0,63342900000.0,8218,22.9,54.7,19649.0,71047000.0,1
0.9,FoodTech,Bangalore,1,52,12,31,21,0.0,0,0,5620000.0,5505000.0,2429000.0,14859800000.0,12319,30.7,88.5,17131.0,85427000.0,1
9.0,FoodTech,Pune,2,98,22,55,43,27170000.0,1,1,12320000.0,11445000.0,5640000.0,65238200000.0,20520,2.1,82.5,2096.0,161743000.0,1
14.1,FoodTech,Pune,3,85,21,52,33,43700000.0,6,2,6968000.0,11021000.0,3744000.0,49181600000.0,9504,35.5,80.3,14016.0,98879000.0,1
8.8,CleanTech,Kolkata,4,55,18,37,18,31900000.0,1,1,9824000.0,8247000.0,3930000.0,7887600000.0,16136,38.5,93.8,4710.0,164700000.0,1
6.1,Healthcare,Pune,2,82,11,60,22,0.0,0,0,7911000.0,9440000.0,2798000.0,71630800000.0,17798,-10.0,58.3,17136.0,63670000.0,0
9.8,Technology,Other,1,57,8,32,25,256280000.0,4,4,6376000.0,6514000.0,3446000.0,46257700000.0,11691,21.1,65.4,15311.0,71100000.0,1
7.1,FoodTech,Delhi,3,30,2,18,12,45070000.0,4,2,5271000.0,5978000.0,3662000.0,52517000000.0,9265,50.8,66.3,24330.0,63239000.0,1
8.4,Logistics,Pune,1,61,15,33,28,30050000.0,2,1,5409000.0,9018000.0,3511000.0,22716600000.0,9558,3.2,53.3,23394.0,46950000.0,0
14.2,AI/ML,Chennai,2,77,9,48,29,77240000.0,4,2,9026000.0,8629000.0,2868000.0,69737300000.0,11476,-10.0,60.8,383.0,85121000.0,1
6.1,Fintech,Pune,2,73,19,45,28,9670000.0,3,1,4522000.0,7262000.0,2813000.0,43638800000.0,3668,17.4,57.0,2139.0,41869000.0,1
14.4,Logistics,Pune,1,89,20,36,53,135670000.0,8,4,11350000.0,11105000.0,5296000.0,33718600000.0,18929,41.7,50.0,19263.0,104071000.0,1
13.6,Technology,Mumbai,3,67,8,39,28,137610000.0,6,3,5291000.0,10117000.0,2852000.0,42765800000.0,13666,26.8,59.4,17188.0,53580000.0,1
3.3,CleanTech,Delhi,2,79,19,34,45,28390000.0,2,1,6102000.0,10987000.0,4504000.0,56279900000.0,16931,18.6,71.1,20053.0,70310000.0,1
1.5,Technology,Other,4,34,5,13,21,402320000.0,4,4,4765000.0,4878000.0,1843000.0,55619100000.0,2507,-2.4,97.0,6780.0,68057000.0,1
2.0,Fintech,Bangalore,2,31,11,20,11,179930000.0,3,3,3093000.0,6429000.0,2145000.0,28638300000.0,2637,-6.2,57.7,21256.0,24271000.0,0
0.8,AI/ML,Mumbai,3,20,15,9,11,20180000.0,1,1,1766000.0,4067000.0,2462000.0,30851400000.0,4849,22.0,87.0,11144.0,24744000.0,1
1.9,Fintech,Other,2,21,8,10,11,0.0,0,0,1856000.0,3369000.0,642000.0,45000900000.0,1843,16.7,75.1,6658.0,22569000.0,1
10.4,E-commerce,Hyderabad,1,73,19,30,43,450000000.0,6,6,11454000.0,10088000.0,5007000.0,73956300000.0,12719,36.8,78.1,414.0,164609000.0,1
1.5,AI/ML,Delhi,2,25,23,11,14,120020000.0,2,2,2409000.0,4121000.0,1362000.0,59647100000.0,2956,27.7,74.0,21803.0,30486000.0,1
5.1,Technology,Chennai,2,31,8,20,11,19290000.0,1,1,2624000.0,4488000.0,1271000.0,31263700000.0,4870,1.7,46.1,13453.0,19777000.0,0
12.8,FoodTech,Delhi,3,85,19,48,37,34350000.0,4,2,12802000.0,9951000.0,4867000.0,26995800000.0,25975,23.6,57.3,24388.0,110564000.0,1
0.8,Technology,Hyderabad,1,27,18,19,8,0.0,0,0,3953000.0,3496000.0,2086000.0,41914800000.0,7093,20.0,80.0,17910.0,54399000.0,1
12.3,Technology,Hyderabad,3,64,10,34,30,94480000.0,9,3,6536000.0,9476000.0,3177000.0,69605800000.0,5563,-10.0,72.6,2148.0,70121000.0,1
4.6,AI/ML,Hyderabad,2,26,7,12,14,0.0,0,0,1959000.0,4168000.0,1529000.0,743900000.0,3321,8.8,49.0,14767.0,15987000.0,1
2.2,E-commerce,Kolkata,4,24,9,12,12,0.0,0,0,2969000.0,4358000.0,1589000.0,56853400000.0,6668,19.3,69.0,576.0,30514000.0,1
10.6,Technology,Bangalore,2,65,1,42,23,48660000.0,2,2,5286000.0,7135000.0,2238000.0,23596300000.0,17165,15.5,80.3,14011.0,67069000.0,1
9.6,Logistics,Pune,3,58,19,34,24,171720000.0,12,4,5099000.0,8852000.0,2599000.0,16711400000.0,5339,24.9,54.4,8853.0,43597000.0,1
13.2,SaaS,Delhi,4,56,5,40,16,19440000.0,2,1,3921000.0,8443000.0,2630000.0,1020400000.0,14354,19.7,66.4,16136.0,43908000.0,1
11.2,EdTech,Other,3,76,19,46,30,113370000.0,4,2,6067000.0,6844000.0,1836000.0,71732400000.0,9776,25.5,93.3,13608.0,96197000.0,1
12.2,EdTech,Kolkata,3,103,1,58,45,17570000.0,3,1,10327000.0,13921000.0,4808000.0,72984300000.0,19328,21.7,80.3,6645.0,141361000.0,1
4.6,Technology,Other,1,44,15,29,15,40730000.0,2,2,3009000.0,5734000.0,908000.0,4960300000.0,2123,17.5,94.2,4184.0,45295000.0,1
3.1,Logistics,Pune,4,27,16,19,8,179270000.0,5,5,5444000.0,4426000.0,2253000.0,41769100000.0,8191,21.5,66.7,10207.0,61970000.0,1
11.4,FoodTech,Pune,2,69,23,36,33,65150000.0,2,2,8841000.0,11448000.0,5299000.0,12248300000.0,15167,10.0,87.1,24673.0,120719000.0,1
12.2,CleanTech,Chennai,3,84,7,40,44,101050000.0,2,2,5758000.0,11954000.0,3618000.0,60707100000.0,8302,8.9,57.6,10977.0,55119000.0,1
14.9,CleanTech,Hyderabad,2,73,12,44,29,13740000.0,3,1,10128000.0,9198000.0,5163000.0,53248000000.0,16109,20.2,83.6,18757.0,142038000.0,1
6.5,AI/ML,Bangalore,1,46,8,26,20,247070000.0,8,4,5641000.0,7717000.0,3309000.0,23805600000.0,4206,-10.0,62.0,1566.0,48054000.0,0
5.9,EdTech,Chennai,1,35,5,26,9,0.0,0,0,2570000.0,2966000.0,775000.0,9401000000.0,2259,9.8,78.4,9565.0,31927000.0,1
11.8,Technology,Mumbai,4,58,10,32,26,18510000.0,2,1,4619000.0,6591000.0,1637000.0,66506100000.0,7687,2.5,79.1,14571.0,52224000.0,1
5.4,CleanTech,Kolkata,1,63,21,26,37,77670000.0,6,3,5403000.0,8092000.0,3795000.0,53956500000.0,10607,-0.3,81.6,18817.0,69269000.0,1
14.0,Technology,Kolkata,1,80,5,59,21,32650000.0,1,1,5218000.0,8782000.0,2976000.0,595300000.0,5230,11.1,57.9,13280.0,49317000.0,1
12.9,AI/ML,Bangalore,2,81,17,56,25,21960000.0,1,1,7187000.0,9938000.0,3915000.0,50248300000.0,10852,-10.0,76.4,12955.0,81187000.0,1
6.7,EdTech,Pune,1,34,5,15,19,0.0,0,0,2232000.0,4578000.0,1260000.0,64833200000.0,5600,11.2,72.4,19133.0,26486000.0,1
11.4,Fintech,Other,1,64,22,45,19,173980000.0,6,3,7542000.0,8946000.0,3541000.0,47281900000.0,13552,23.1,89.6,7935.0,112735000.0,1
11.4,SaaS,Kolkata,3,70,15,36,34,34940000.0,3,1,5388000.0,6828000.0,2543000.0,34005900000.0,9025,41.1,63.0,2402.0,56403000.0,1
2.0,SaaS,Bangalore,1,30,13,15,15,135020000.0,3,3,2914000.0,4576000.0,1442000.0,46734300000.0,2213,66.4,53.7,8777.0,31892000.0,1
13.6,CleanTech,Kolkata,3,58,1,41,17,215220000.0,8,4,5551000.0,7089000.0,2450000.0,49596000000.0,5649,-10.0,49.0,4101.0,36921000.0,1
7.8,SaaS,Kolkata,1,40,11,23,17,0.0,0,0,3039000.0,4932000.0,1879000.0,51220800000.0,4824,-2.5,68.0,24154.0,29404000.0,1
12.5,Fintech,Hyderabad,1,69,23,30,39,55190000.0,2,2,6915000.0,10703000.0,4377000.0,77365300000.0,13312,11.2,66.0,14501.0,74510000.0,0
5.1,Technology,Mumbai,4,95,1,50,45,46220000.0,6,2,11274000.0,10137000.0,5484000.0,14332900000.0,27051,21.0,67.8,11248.0,122541000.0,1
13.5,AI/ML,Hyderabad,4,85,11,55,30,248670000.0,3,3,9319000.0,11177000.0,2717000.0,49866300000.0,8858,26.0,67.9,22814.0,106800000.0,0
6.1,Fintech,Mumbai,3,77,18,35,42,224860000.0,3,3,9773000.0,12065000.0,5240000.0,15080100000.0,14847,4.6,91.5,22524.0,140462000.0,1
0.7,AI/ML,Kolkata,1,20,18,12,8,104760000.0,9,3,1922000.0,5308000.0,2524000.0,16836000000.0,1088,-10.0,69.9,10480.0,19915000.0,1
13.6,AI/ML,Chennai,2,119,21,76,43,102280000.0,3,3,12526000.0,11682000.0,3681000.0,53557200000.0,13409,40.8,87.8,21887.0,202152000.0,1
1.8,EdTech,Other,4,22,16,11,11,0.0,0,0,2596000.0,4676000.0,2787000.0,73280500000.0,4172,29.1,77.4,1741.0,33372000.0,1
5.1,Technology,Pune,2,41,13,26,15,0.0,0,0,2917000.0,5219000.0,2127000.0,12765600000.0,10347,33.7,59.2,22160.0,29388000.0,1
14.3,Logistics,Kolkata,4,89,7,63,26,16150000.0,2,1,7069000.0,6759000.0,1837000.0,76999100000.0,22214,13.3,72.1,7868.0,82268000.0,1
14.3,SaaS,Mumbai,4,64,1,36,28,77230000.0,4,2,4959000.0,8442000.0,2874000.0,25583800000.0,15785,25.7,93.6,14193.0,74489000.0,1
8.8,Logistics,Mumbai,1,56,16,29,27,388160000.0,8,4,5601000.0,9817000.0,3931000.0,31335600000.0,2178,-10.0,86.2,6852.0,66915000.0,1
9.7,EdTech,Mumbai,4,41,1,20,21,60040000.0,4,2,4060000.0,5261000.0,1713000.0,12336800000.0,7114,-5.5,88.8,24622.0,50939000.0,1
7.0,AI/ML,Kolkata,2,43,17,26,17,354140000.0,8,4,7117000.0,8624000.0,3548000.0,49286100000.0,13227,44.3,79.1,1934.0,93805000.0,1
4.8,CleanTech,Bangalore,4,38,6,26,12,17910000.0,1,1,4694000.0,7159000.0,3525000.0,47733800000.0,6782,18.7,65.3,11257.0,48583000.0,1
5.3,SaaS,Chennai,3,39,2,20,19,0.0,0,0,2670000.0,4639000.0,1130000.0,35409500000.0,15063,59.1,95.0,15582.0,48182000.0,1
10.3,SaaS,Bangalore,1,77,17,41,36,217480000.0,8,4,6255000.0,8093000.0,3479000.0,38113500000.0,3042,-3.4,79.8,15448.0,74229000.0,1
11.4,Technology,Pune,1,62,6,33,29,121250000.0,9,3,8289000.0,8449000.0,4090000.0,49856900000.0,22874,74.1,85.0,18508.0,139017000.0,1
12.0,E-commerce,Kolkata,3,74,14,44,30,34720000.0,2,1,10110000.0,10465000.0,5155000.0,46700500000.0,14473,77.3,73.5,18152.0,145892000.0,1
11.9,Healthcare,Mumbai,3,62,18,29,33,0.0,0,0,4945000.0,5448000.0,1865000.0,29972400000.0,11364,3.8,57.5,19860.0,43083000.0,1
1.8,Healthcare,Chennai,3,14,6,9,5,55790000.0,4,2,1293000.0,2671000.0,351000.0,70734900000.0,2806,8.0,77.5,5972.0,15244000.0,1
7.7,Healthcare,Chennai,4,101,10,50,51,154420000.0,8,4,7902000.0,7790000.0,2588000.0,53429500000.0,15329,45.5,95.7,9357.0,127332000.0,1
1.3,E-commerce,Delhi,1,25,24,16,9,21570000.0,6,2,3023000.0,3992000.0,1624000.0,16472200000.0,6574,5.6,83.3,9644.0,37417000.0,1
8.5,Technology,Pune,3,65,18,37,28,189260000.0,9,3,5591000.0,7884000.0,3009000.0,25626200000.0,4498,12.2,79.8,23903.0,71457000.0,1
6.9,E-commerce,Other,4,37,9,22,15,0.0,0,0,3060000.0,4414000.0,1630000.0,63040900000.0,2751,1.9,60.0,10321.0,27761000.0,1
13.4,Healthcare,Other,3,78,8,36,42,0.0,0,0,7214000.0,7193000.0,2687000.0,8406800000.0,18177,2.5,93.3,5663.0,102785000.0,1
5.6,EdTech,Chennai,2,48,10,31,17,55420000.0,6,2,3399000.0,5762000.0,1634000.0,60031000000.0,3764,20.6,90.9,15864.0,51687000.0,1
2.2,Fintech,Kolkata,2,26,17,12,14,56410000.0,6,2,2415000.0,3748000.0,1404000.0,28739500000.0,3496,12.0,47.0,10768.0,18274000.0,1
2.6,AI/ML,Mumbai,1,33,23,14,19,205000000.0,3,3,5050000.0,5458000.0,2006000.0,44157700000.0,5760,-10.0,85.0,6364.0,61711000.0,1
11.5,E-commerce,Mumbai,4,66,6,39,27,68540000.0,2,2,7789000.0,12084000.0,4435000.0,22480600000.0,20374,49.7,68.5,17921.0,96355000.0,1
9.5,Technology,Chennai,2,56,14,36,20,31550000.0,1,1,10449000.0,8193000.0,3931000.0,78917200000.0,20631,53.2,76.1,4919.0,144258000.0,1
2.0,Technology,Bangalore,2,28,22,11,17,22700000.0,3,1,2971000.0,3776000.0,1294000.0,72471900000.0,7451,29.3,60.6,15889.0,30660000.0,1
1.7,Logistics,Pune,4,44,22,18,26,0.0,0,0,4065000.0,6916000.0,2723000.0,74279600000.0,11552,20.8,73.7,10849.0,47064000.0,1
10.7,Fintech,Mumbai,3,50,6,34,16,450000000.0,6,6,8902000.0,9291000.0,5226000.0,14822800000.0,11657,-2.6,56.6,8081.0,77844000.0,1
1.6,CleanTech,Chennai,4,41,7,28,13,0.0,0,0,3120000.0,3830000.0,886000.0,67343100000.0,6907,7.8,60.8,23658.0,27967000.0,0
12.4,SaaS,Mumbai,3,70,12,34,36,174270000.0,12,4,6233000.0,8023000.0,3160000.0,42855000000.0,11144,42.0,79.2,8212.0,92406000.0,1
10.7,Healthcare,Other,2,46,3,28,18,81200000.0,6,3,3578000.0,7021000.0,2844000.0,56643300000.0,12066,31.2,61.4,8786.0,37481000.0,1
1.7,CleanTech,Chennai,2,35,14,19,16,177910000.0,3,3,3280000.0,5501000.0,1741000.0,17439500000.0,3330,28.0,78.0,21785.0,45082000.0,1
1.7,Logistics,Pune,2,35,22,21,14,31620000.0,2,2,2652000.0,7663000.0,3051000.0,56973200000.0,2452,29.0,73.5,3357.0,31630000.0,1
14.8,Healthcare,Chennai,1,79,19,55,24,99000000.0,9,3,9100000.0,9961000.0,3275000.0,73145700000.0,22890,41.4,98.0,2836.0,166180000.0,1
5.9,Fintech,Delhi,1,50,23,21,29,52020000.0,6,2,6188000.0,6782000.0,2219000.0,21435100000.0,16547,38.1,62.9,7175.0,65039000.0,1
5.9,Logistics,Chennai,1,41,16,27,14,5100000.0,2,1,3935000.0,5980000.0,2516000.0,18707100000.0,7258,33.2,67.3,14852.0,45553000.0,1
12.3,Healthcare,Chennai,4,59,7,33,26,22300000.0,2,2,4782000.0,6847000.0,2271000.0,8397900000.0,4805,10.3,62.0,9700.0,43417000.0,1
14.2,Fintech,Kolkata,2,65,8,38,27,103560000.0,3,3,5698000.0,4726000.0,1287000.0,21381200000.0,14555,55.1,92.0,15273.0,98189000.0,1
14.8,FoodTech,Other,2,80,18,50,30,11670000.0,3,1,7504000.0,12447000.0,4893000.0,42886600000.0,10523,7.3,73.5,4120.0,84923000.0,1
11.4,CleanTech,Pune,4,60,13,43,17,29620000.0,2,2,4762000.0,6929000.0,2369000.0,66625700000.0,7015,-1.1,69.7,6647.0,44094000.0,1
6.0,CleanTech,Kolkata,1,58,21,24,34,116710000.0,12,4,7197000.0,5690000.0,2096000.0,22340100000.0,10528,5.6,82.8,14194.0,92161000.0,1
1.7,SaaS,Chennai,4,31,9,12,19,104700000.0,4,2,2884000.0,5101000.0,2933000.0,49710500000.0,2182,-8.2,59.8,5546.0,25665000.0,1
11.8,Fintech,Pune,1,65,10,30,35,309200000.0,12,4,7774000.0,6174000.0,2500000.0,38393300000.0,10193,30.8,53.2,10657.0,67298000.0,0
8.6,E-commerce,Delhi,2,73,21,54,19,67980000.0,4,2,10050000.0,7284000.0,3268000.0,23121900000.0,19110,17.7,76.0,14380.0,122267000.0,1
6.7,FoodTech,Pune,3,72,23,46,26,32270000.0,3,1,7327000.0,7949000.0,1258000.0,40853200000.0,19867,42.8,74.3,24345.0,96575000.0,1
13.6,EdTech,Mumbai,1,74,9,45,29,5890000.0,2,1,5090000.0,8138000.0,2623000.0,13478600000.0,3441,-10.0,61.7,2135.0,49195000.0,1
2.1,Healthcare,Kolkata,2,34,15,14,20,110880000.0,6,3,4070000.0,4815000.0,1525000.0,51184200000.0,6165,22.6,77.0,11591.0,52193000.0,1
7.6,FoodTech,Pune,2,51,20,36,15,29700000.0,1,1,3809000.0,7635000.0,2944000.0,9297200000.0,3388,12.3,97.9,9997.0,57990000.0,1
0.7,Fintech,Other,3,38,2,26,12,0.0,0,0,4161000.0,6360000.0,2644000.0,58491900000.0,10113,10.4,78.3,20632.0,48876000.0,1
7.3,AI/ML,Delhi,2,39,13,24,15,248890000.0,3,3,3991000.0,5236000.0,2161000.0,14258100000.0,3388,-4.9,44.2,22522.0,22463000.0,1
1.3,Healthcare,Hyderabad,2,13,2,6,7,0.0,0,0,1238000.0,2027000.0,932000.0,79852800000.0,3648,19.0,91.8,22689.0,18427000.0,1
2.2,Technology,Chennai,1,43,19,18,25,35160000.0,6,2,5416000.0,6704000.0,3463000.0,65902600000.0,9362,1.2,98.0,9472.0,80361000.0,1
2.2,CleanTech,Pune,1,11,2,6,5,0.0,0,0,703000.0,2916000.0,1331000.0,27540000000.0,2594,51.4,79.4,7721.0,9884000.0,1
9.9,Fintech,Chennai,3,45,3,29,16,241060000.0,3,3,4244000.0,5650000.0,2012000.0,34125100000.0,6561,31.8,74.4,11311.0,51134000.0,0
11.3,Technology,Bangalore,3,63,6,27,36,0.0,0,0,11144000.0,7861000.0,2732000.0,20772300000.0,19363,39.6,50.3,8698.0,101695000.0,1
9.0,SaaS,Mumbai,2,50,3,31,19,249150000.0,9,3,4528000.0,5753000.0,1593000.0,61380800000.0,3243,-10.0,59.9,18013.0,41068000.0,0
14.5,Logistics,Kolkata,1,86,10,43,43,21160000.0,2,2,6885000.0,9781000.0,2511000.0,30489100000.0,9199,37.5,67.7,5457.0,80720000.0,1
5.9,EdTech,Mumbai,3,67,24,44,23,179330000.0,3,3,7623000.0,7560000.0,2539000.0,60427100000.0,7909,35.4,61.7,16518.0,83726000.0,1
4.6,EdTech,Bangalore,3,25,6,14,11,0.0,0,0,1568000.0,2805000.0,515000.0,1521200000.0,4514,9.1,64.9,23186.0,15809000.0,1
13.1,Technology,Bangalore,4,71,23,31,40,8880000.0,3,1,7486000.0,8167000.0,3148000.0,10892900000.0,8572,13.9,73.7,7106.0,97664000.0,1
3.7,CleanTech,Kolkata,3,45,16,26,19,22330000.0,2,1,3194000.0,6254000.0,1858000.0,29229700000.0,10746,-3.6,62.4,16971.0,29279000.0,1
14.5,SaaS,Pune,2,76,17,40,36,102520000.0,6,3,5625000.0,7783000.0,2175000.0,8757200000.0,6843,11.2,93.3,3717.0,86559000.0,1
0.7,AI/ML,Bangalore,1,32,19,14,18,0.0,0,0,2149000.0,3257000.0,720000.0,48110200000.0,8728,30.4,73.0,3166.0,27358000.0,1
14.6,CleanTech,Hyderabad,3,63,3,43,20,153160000.0,6,3,5387000.0,7755000.0,1905000.0,4114000000.0,3912,3.3,79.1,3024.0,63406000.0,1
1.1,FoodTech,Chennai,4,28,18,11,17,0.0,0,0,3116000.0,5236000.0,2536000.0,68788100000.0,3799,18.8,79.1,3592.0,41018000.0,1
13.4,EdTech,Chennai,1,69,7,35,34,75530000.0,9,3,8218000.0,7905000.0,3695000.0,60916600000.0,10948,74.0,77.4,5522.0,126946000.0,1
8.2,FoodTech,Delhi,3,53,9,21,32,0.0,0,0,6456000.0,9057000.0,3147000.0,17339700000.0,12537,-3.5,72.7,14136.0,66003000.0,0
14.9,Healthcare,Other,4,86,20,37,49,104040000.0,6,2,6103000.0,9175000.0,2148000.0,38729200000.0,4892,25.3,86.0,19210.0,87972000.0,1
1.6,E-commerce,Bangalore,3,26,12,13,13,23000000.0,1,1,3335000.0,3660000.0,1039000.0,36172500000.0,4746,-4.7,88.9,3302.0,42815000.0,1
8.5,Fintech,Bangalore,1,44,5,18,26,0.0,0,0,3754000.0,5789000.0,1558000.0,58002900000.0,3644,-10.0,43.1,21770.0,23085000.0,0
14.6,SaaS,Hyderabad,1,61,3,37,24,70880000.0,4,2,6063000.0,7271000.0,1746000.0,32150600000.0,17400,35.6,51.9,21091.0,54549000.0,1
8.1,CleanTech,Mumbai,1,42,11,18,24,57970000.0,6,2,4377000.0,7388000.0,2636000.0,2683200000.0,4823,9.0,64.4,18226.0,43509000.0,1
9.6,EdTech,Mumbai,2,50,4,32,18,0.0,0,0,5143000.0,4938000.0,1243000.0,21935200000.0,6076,53.2,56.4,10735.0,51473000.0,1
10.6,FoodTech,Chennai,3,52,5,21,31,120780000.0,4,2,7297000.0,7031000.0,3261000.0,37322400000.0,12590,30.5,61.7,189.0,81257000.0,1
7.1,Logistics,Chennai,2,40,1,16,24,0.0,0,0,2603000.0,4041000.0,1306000.0,77960700000.0,3789,0.7,65.7,18409.0,25639000.0,1
9.6,Healthcare,Pune,1,58,18,29,29,17920000.0,1,1,6771000.0,9252000.0,3190000.0,70498600000.0,8126,-1.3,68.4,21993.0,69813000.0,1
9.0,Fintech,Kolkata,4,63,12,44,19,135240000.0,9,3,4709000.0,8865000.0,1969000.0,14553400000.0,5704,33.9,51.1,8482.0,41134000.0,0
13.6,Fintech,Other,3,94,13,58,36,144410000.0,3,3,10934000.0,9449000.0,3779000.0,57875900000.0,17124,-5.2,66.2,17992.0,103816000.0,1
1.2,CleanTech,Hyderabad,2,17,9,11,6,0.0,0,0,1136000.0,3505000.0,1215000.0,74949200000.0,2008,-5.8,91.9,1692.0,15364000.0,0
4.6,SaaS,Kolkata,3,23,2,10,13,0.0,0,0,1903000.0,4345000.0,1328000.0,753000000.0,1439,-10.0,68.5,17781.0,20011000.0,1
14.3,AI/ML,Kolkata,4,63,5,43,20,89090000.0,6,2,6657000.0,9279000.0,4413000.0,57689600000.0,16240,31.7,80.3,1847.0,86434000.0,1
13.4,Logistics,Delhi,2,78,13,31,47,51800000.0,6,2,5961000.0,9568000.0,3353000.0,36773700000.0,4822,0.2,71.1,14742.0,60380000.0,1
7.1,CleanTech,Kolkata,1,50,16,23,27,60310000.0,2,2,4150000.0,7960000.0,3381000.0,54434900000.0,10116,25.9,73.6,14999.0,50474000.0,1
9.5,FoodTech,Delhi,2,53,16,32,21,107680000.0,4,2,5520000.0,5779000.0,1769000.0,48466900000.0,7993,-10.0,70.4,7659.0,53494000.0,0
4.5,E-commerce,Kolkata,3,53,24,28,25,180280000.0,4,4,8308000.0,6191000.0,2540000.0,78774000000.0,11227,-10.0,82.4,2116.0,106438000.0,1
3.2,Technology,Hyderabad,3,17,3,12,5,0.0,0,0,1611000.0,3396000.0,1190000.0,23140800000.0,1631,33.8,60.5,23741.0,16563000.0,1
7.2,AI/ML,Delhi,3,58,22,23,35,10180000.0,1,1,3997000.0,6310000.0,2944000.0,62902100000.0,11768,14.5,74.4,13459.0,48466000.0,1
5.6,SaaS,Mumbai,3,36,4,26,10,148550000.0,12,4,3618000.0,5737000.0,2593000.0,18809500000.0,4452,3.1,63.9,14557.0,34648000.0,1
9.0,Healthcare,Delhi,1,64,11,39,25,65850000.0,2,2,5175000.0,6311000.0,2184000.0,34876900000.0,8527,7.3,81.4,15433.0,58699000.0,1
1.6,AI/ML,Delhi,2,25,23,14,11,208950000.0,3,3,3327000.0,4114000.0,2132000.0,78031700000.0,3903,7.4,56.5,22293.0,28459000.0,1
14.6,EdTech,Hyderabad,1,102,14,42,60,450000000.0,10,5,13341000.0,9833000.0,3884000.0,61302600000.0,14794,62.8,81.1,1647.0,200349000.0,1
14.8,SaaS,Hyderabad,1,79,3,39,40,124090000.0,8,4,9368000.0,10539000.0,3605000.0,25299900000.0,13384,23.8,74.9,22348.0,118072000.0,1
10.6,E-commerce,Delhi,1,58,16,41,17,42140000.0,6,2,5598000.0,9921000.0,3100000.0,49568600000.0,12940,21.1,54.3,6106.0,49089000.0,1
8.3,EdTech,Other,3,53,22,27,26,77510000.0,2,2,4754000.0,4894000.0,1658000.0,4022900000.0,7308,1.4,96.4,2087.0,67356000.0,1
5.0,AI/ML,Bangalore,3,40,15,25,15,13850000.0,3,1,3176000.0,5350000.0,1641000.0,21348300000.0,2647,35.3,79.8,16483.0,43875000.0,1
12.3,Technology,Other,3,82,10,61,21,0.0,0,0,5562000.0,7755000.0,2964000.0,57485300000.0,7148,-7.4,56.8,24428.0,44620000.0,1
10.4,Technology,Hyderabad,2,76,9,37,39,19600000.0,1,1,5269000.0,7779000.0,3035000.0,45629000000.0,11192,29.4,74.2,1572.0,69093000.0,1
2.9,E-commerce,Other,4,31,11,18,13,0.0,0,0,2358000.0,3865000.0,1366000.0,37600300000.0,4596,29.5,49.0,10739.0,20293000.0,1
13.7,Fintech,Other,3,97,16,62,35,151950000.0,8,4,7067000.0,13404000.0,3917000.0,55285500000.0,7764,40.4,48.0,13315.0,66254000.0,1
12.4,Logistics,Pune,2,57,10,26,31,119970000.0,12,4,5058000.0,8721000.0,3231000.0,31906800000.0,6895,-10.0,88.7,6415.0,66095000.0,1
14.3,Healthcare,Pune,3,71,17,32,39,122510000.0,3,3,11936000.0,9381000.0,4490000.0,2141200000.0,18788,42.8,55.2,24574.0,120786000.0,1
11.0,Fintech,Mumbai,3,95,19,53,42,7460000.0,1,1,6105000.0,8200000.0,1788000.0,35310100000.0,6001,25.8,83.0,16078.0,86654000.0,1
9.4,Technology,Kolkata,1,61,2,32,29,150290000.0,9,3,8447000.0,11765000.0,4703000.0,72175200000.0,12228,1.4,88.3,21132.0,115686000.0,1
6.6,Technology,Delhi,1,54,24,35,19,30190000.0,3,1,5973000.0,6378000.0,3251000.0,68536400000.0,11691,-10.0,58.2,10482.0,44422000.0,1
14.0,FoodTech,Bangalore,1,95,23,40,55,0.0,0,0,6825000.0,10413000.0,1892000.0,32749300000.0,4349,9.1,98.0,8946.0,106204000.0,1
13.1,EdTech,Mumbai,2,100,2,74,26,29190000.0,4,2,6939000.0,8946000.0,3313000.0,1826600000.0,9850,22.1,73.3,13896.0,78343000.0,1
1.2,AI/ML,Delhi,4,31,6,12,19,0.0,0,0,2175000.0,4278000.0,1544000.0,50922800000.0,4300,-10.0,72.7,10967.0,20572000.0,1
0.9,Healthcare,Other,4,46,19,28,18,219890000.0,3,3,4164000.0,6469000.0,2219000.0,59308500000.0,3918,-0.7,58.0,17916.0,33797000.0,1
6.0,E-commerce,Hyderabad,2,51,8,30,21,25840000.0,4,2,5697000.0,7991000.0,3758000.0,23574800000.0,9226,-9.8,58.3,6756.0,48346000.0,1
12.3,AI/ML,Pune,3,54,3,24,30,120150000.0,6,2,5712000.0,8153000.0,2809000.0,38159300000.0,6178,8.4,41.3,11322.0,33010000.0,1
14.8,FoodTech,Chennai,2,97,14,43,54,54840000.0,4,2,9521000.0,9793000.0,4051000.0,79349000000.0,9279,-5.9,61.1,22394.0,87363000.0,1
2.7,Technology,Bangalore,3,26,16,17,9,0.0,0,0,1851000.0,3146000.0,757000.0,46128600000.0,1731,65.7,88.3,18939.0,33279000.0,1
9.1,E-commerce,Other,2,70,1,49,21,93960000.0,12,4,6459000.0,10024000.0,4074000.0,28118400000.0,9276,37.0,57.7,4327.0,64216000.0,1
6.0,Technology,Chennai,2,50,21,24,26,273670000.0,12,4,5154000.0,6342000.0,2383000.0,50217700000.0,4015,-6.3,59.0,22189.0,44843000.0,0
14.6,Healthcare,Pune,2,77,3,42,35,273760000.0,12,4,6983000.0,8427000.0,3728000.0,14442800000.0,8362,-3.1,54.0,14787.0,53321000.0,0
12.7,EdTech,Other,4,78,22,40,38,359020000.0,10,5,7180000.0,7640000.0,2944000.0,15980200000.0,4984,-10.0,52.9,17030.0,50011000.0,1
12.7,AI/ML,Kolkata,1,66,18,28,38,49900000.0,6,2,8466000.0,9168000.0,4226000.0,73997700000.0,12481,14.7,84.4,7462.0,113446000.0,1
7.3,AI/ML,Kolkata,2,41,9,26,15,55920000.0,2,2,3595000.0,5834000.0,1711000.0,19174000000.0,5805,57.1,55.0,11122.0,35879000.0,1
6.5,Fintech,Chennai,4,92,6,63,29,105590000.0,9,3,16011000.0,12958000.0,6442000.0,24897600000.0,28498,44.3,70.2,20199.0,198510000.0,1
4.5,E-commerce,Hyderabad,1,84,23,42,42,17780000.0,1,1,6488000.0,11151000.0,4426000.0,43525000000.0,10256,22.4,67.0,8367.0,69407000.0,0
1.3,Logistics,Other,1,27,21,20,7,184960000.0,12,4,2915000.0,6308000.0,3151000.0,71980400000.0,2537,11.5,85.4,4252.0,37321000.0,1
13.0,FoodTech,Delhi,2,136,1,58,78,182540000.0,9,3,11192000.0,17605000.0,5571000.0,62526800000.0,9186,30.1,60.3,9551.0,114284000.0,1
12.3,Logistics,Other,3,94,21,59,35,13870000.0,2,1,6957000.0,9520000.0,1492000.0,3550500000.0,22810,24.2,66.0,1870.0,69671000.0,1
15.0,Fintech,Hyderabad,3,82,10,45,37,112160000.0,9,3,11156000.0,10414000.0,4014000.0,55457700000.0,15339,27.5,56.7,17989.0,109442000.0,1
15.0,Healthcare,Other,3,65,6,36,29,62900000.0,6,2,5895000.0,7337000.0,1852000.0,40349700000.0,5079,22.3,63.0,3821.0,56317000.0,1
8.6,FoodTech,Chennai,2,87,23,48,39,36980000.0,6,3,8031000.0,8298000.0,3392000.0,38070400000.0,9615,27.8,59.4,7235.0,78125000.0,1
11.7,EdTech,Hyderabad,3,68,12,33,35,142780000.0,6,3,10837000.0,10773000.0,4145000.0,55340100000.0,15283,-10.0,70.0,22045.0,114997000.0,1
14.2,Logistics,Pune,4,90,4,58,32,44140000.0,2,2,6081000.0,10786000.0,2557000.0,15738800000.0,21734,15.4,94.4,13581.0,94249000.0,1
12.8,EdTech,Bangalore,4,88,13,57,31,23280000.0,4,2,7526000.0,10018000.0,2331000.0,78520000000.0,12292,23.1,69.2,8135.0,86235000.0,1
4.1,Logistics,Hyderabad,4,56,17,27,29,32330000.0,1,1,6750000.0,8300000.0,3885000.0,51642300000.0,9344,8.4,88.4,13760.0,100285000.0,1
7.0,EdTech,Other,4,52,8,36,16,0.0,0,0,4209000.0,8465000.0,3641000.0,29284200000.0,5993,-9.5,85.2,5574.0,51689000.0,1
2.4,Logistics,Pune,1,30,20,15,15,17780000.0,1,1,1918000.0,5168000.0,1755000.0,48036200000.0,1687,18.1,71.4,776.0,23229000.0,1
14.3,EdTech,Bangalore,4,65,3,42,23,215440000.0,6,3,6981000.0,7510000.0,3404000.0,17356800000.0,26457,100.0,85.5,15153.0,127634000.0,1
9.3,Fintech,Kolkata,3,52,12,23,29,10000000.0,3,1,4973000.0,5659000.0,2318000.0,50725700000.0,9899,-0.1,75.2,17896.0,48893000.0,1
3.8,SaaS,Delhi,2,21,7,9,12,0.0,0,0,2086000.0,3149000.0,513000.0,2306000000.0,3036,14.9,52.0,22013.0,17599000.0,1
10.2,FoodTech,Chennai,3,63,12,32,31,88500000.0,3,3,5774000.0,9731000.0,3422000.0,27327500000.0,19990,45.8,71.5,19331.0,75970000.0,1
9.5,E-commerce,Other,4,57,2,34,23,78950000.0,2,2,6370000.0,5485000.0,2780000.0,59814000000.0,13628,57.0,74.9,23178.0,91237000.0,1
5.7,Healthcare,Other,1,70,24,43,27,89040000.0,6,2,4724000.0,7082000.0,1307000.0,64647800000.0,3954,5.2,96.7,24651.0,66719000.0,1
2.1,CleanTech,Kolkata,4,21,14,11,10,0.0,0,0,1809000.0,3391000.0,636000.0,20270900000.0,2761,39.2,59.0,18662.0,21528000.0,1
10.2,Technology,Delhi,2,70,22,29,41,23230000.0,1,1,8989000.0,9540000.0,3444000.0,43175800000.0,12982,35.4,78.4,21718.0,117584000.0,1
8.0,E-commerce,Kolkata,3,50,23,26,24,225500000.0,8,4,4935000.0,7372000.0,2029000.0,42303000000.0,3299,6.9,54.8,16892.0,42077000.0,1
11.7,Technology,Mumbai,2,52,5,33,19,268800000.0,4,4,6486000.0,5203000.0,1595000.0,33745400000.0,10952,31.7,93.6,4398.0,104867000.0,1
8.0,FoodTech,Kolkata,2,40,9,25,15,38520000.0,6,2,2824000.0,7413000.0,3003000.0,18313200000.0,2983,14.2,89.1,4665.0,41311000.0,1
12.9,E-commerce,Pune,2,87,21,39,48,25670000.0,2,1,6040000.0,12621000.0,4279000.0,56273100000.0,7443,4.2,55.2,2890.0,48874000.0,1
8.5,EdTech,Bangalore,3,44,11,17,27,10610000.0,3,1,3387000.0,7080000.0,1835000.0,20226300000.0,15611,55.8,96.4,23583.0,62160000.0,1
8.6,EdTech,Other,4,57,5,37,20,75620000.0,4,2,9468000.0,8568000.0,4276000.0,72886500000.0,18849,32.3,87.1,16868.0,149341000.0,1
13.2,CleanTech,Kolkata,2,59,3,25,34,0.0,0,0,3909000.0,7788000.0,3206000.0,42303700000.0,8259,-10.0,89.7,19779.0,49333000.0,1
6.4,Technology,Other,3,70,17,30,40,111280000.0,2,2,6990000.0,7694000.0,2100000.0,69644700000.0,13718,15.2,94.0,8379.0,103532000.0,1
2.4,Healthcare,Hyderabad,1,36,2,14,22,64440000.0,6,2,4900000.0,5411000.0,2404000.0,23294900000.0,7961,6.6,87.8,11591.0,63976000.0,1
0.9,FoodTech,Delhi,3,70,24,38,32,450000000.0,5,5,10728000.0,10589000.0,3499000.0,64576000000.0,14779,13.4,67.3,1139.0,116134000.0,1
11.4,EdTech,Kolkata,1,78,1,44,34,0.0,0,0,6556000.0,10021000.0,4104000.0,9137400000.0,7904,29.4,93.0,22242.0,100646000.0,1
9.5,SaaS,Bangalore,3,84,7,52,32,33730000.0,2,2,8316000.0,10245000.0,2752000.0,61358100000.0,13224,24.5,59.5,21347.0,85279000.0,1
10.7,Fintech,Pune,4,83,14,41,42,251540000.0,8,4,7179000.0,10890000.0,4306000.0,30986300000.0,18907,49.5,61.1,19653.0,78717000.0,1
3.6,Fintech,Mumbai,2,36,5,23,13,0.0,0,0,2656000.0,4300000.0,2159000.0,37625700000.0,6027,44.9,65.6,1599.0,31098000.0,1
2.5,Logistics,Other,4,27,19,12,15,0.0,0,0,2039000.0,4135000.0,937000.0,13386200000.0,1897,-8.7,76.7,4480.0,21525000.0,1
0.7,Healthcare,Delhi,3,16,11,11,5,197740000.0,9,3,2486000.0,2252000.0,1192000.0,1539300000.0,3605,15.8,59.2,8454.0,26319000.0,1
5.6,Fintech,Chennai,2,44,23,26,18,167920000.0,12,4,3552000.0,3537000.0,1132000.0,53312500000.0,3237,-10.0,55.2,6687.0,28268000.0,1
9.1,Logistics,Bangalore,1,51,2,30,21,0.0,0,0,4556000.0,6591000.0,829000.0,47038100000.0,4641,-3.9,59.2,20986.0,37121000.0,1
6.2,Technology,Chennai,3,41,8,19,22,76900000.0,3,3,3830000.0,5191000.0,1269000.0,49813100000.0,3696,-10.0,66.9,4992.0,37235000.0,1
6.8,EdTech,Bangalore,2,64,9,27,37,291070000.0,18,6,5894000.0,6545000.0,1962000.0,20437400000.0,4260,-10.0,73.0,13373.0,56641000.0,1
13.6,EdTech,Bangalore,1,102,3,57,45,85110000.0,12,4,8296000.0,13876000.0,3186000.0,19180200000.0,33148,48.8,61.3,14349.0,90302000.0,1
5.5,SaaS,Pune,1,31,2,19,12,0.0,0,0,3563000.0,3260000.0,1234000.0,66432200000.0,7019,34.6,55.0,10712.0,34730000.0,0
8.0,E-commerce,Pune,4,48,7,20,28,0.0,0,0,4909000.0,5446000.0,2057000.0,60912200000.0,13599,31.6,77.5,6131.0,66459000.0,1
11.9,Fintech,Pune,3,104,5,76,28,42290000.0,4,2,8888000.0,7726000.0,2638000.0,26976400000.0,21503,43.9,97.3,24013.0,159325000.0,1
6.2,Technology,Kolkata,1,46,21,34,12,156680000.0,9,3,6184000.0,5503000.0,2175000.0,51042600000.0,9019,31.5,66.2,10423.0,74141000.0,1
9.5,AI/ML,Hyderabad,2,65,5,38,27,0.0,0,0,5707000.0,6431000.0,2505000.0,66260600000.0,12783,16.1,84.5,18224.0,77074000.0,1
13.0,Fintech,Bangalore,1,71,20,52,19,450000000.0,10,5,7102000.0,10592000.0,3551000.0,71111900000.0,8788,5.0,72.0,4724.0,81600000.0,1
14.3,Healthcare,Delhi,1,84,13,38,46,72580000.0,2,2,9175000.0,13031000.0,4570000.0,514200000.0,18821,55.3,80.9,20597.0,142730000.0,1
2.6,E-commerce,Chennai,4,31,21,12,19,0.0,0,0,4212000.0,6424000.0,3130000.0,65086300000.0,7042,46.7,83.4,5515.0,65542000.0,1
13.9,Fintech,Pune,4,103,20,42,61,34550000.0,1,1,15936000.0,12910000.0,4593000.0,28063900000.0,28011,13.2,72.1,16931.0,170769000.0,1
7.6,Technology,Kolkata,2,47,6,28,19,52230000.0,6,3,7965000.0,7608000.0,3137000.0,57484300000.0,14281,34.8,58.2,12736.0,81457000.0,1
4.2,Fintech,Pune,4,35,20,14,21,186970000.0,9,3,3409000.0,5411000.0,2636000.0,29743500000.0,2114,-10.0,54.8,3792.0,26266000.0,0
7.2,Healthcare,Chennai,1,47,18,34,13,18120000.0,2,1,3904000.0,4837000.0,1215000.0,48519600000.0,3108,35.9,88.1,770.0,62471000.0,1
14.7,AI/ML,Chennai,1,70,2,31,39,0.0,0,0,8889000.0,11266000.0,4515000.0,51760300000.0,13696,7.0,80.8,23279.0,111605000.0,1
7.6,FoodTech,Other,4,84,6,42,42,88080000.0,2,2,6922000.0,11846000.0,3616000.0,32429200000.0,7512,77.7,85.7,3273.0,118718000.0,1
5.3,CleanTech,Bangalore,1,50,9,34,16,106430000.0,12,4,4052000.0,6311000.0,2565000.0,41047200000.0,3774,43.3,81.5,17668.0,58558000.0,1
9.7,AI/ML,Pune,1,51,3,24,27,372830000.0,4,4,5886000.0,6574000.0,2713000.0,58118800000.0,3371,-10.0,87.0,16369.0,72272000.0,0
4.0,Logistics,Chennai,2,22,1,10,12,43590000.0,6,2,2470000.0,3950000.0,2392000.0,38130600000.0,2565,2.4,75.1,8642.0,28320000.0,0
1.6,Fintech,Hyderabad,4,19,1,11,8,0.0,0,0,2299000.0,4932000.0,2266000.0,1167700000.0,2977,19.3,50.7,4757.0,19373000.0,0
2.4,EdTech,Hyderabad,1,45,19,22,23,0.0,0,0,3696000.0,5765000.0,1617000.0,1081700000.0,7855,17.1,75.9,4581.0,44944000.0,1
2.4,SaaS,Pune,4,36,5,17,19,0.0,0,0,6137000.0,7510000.0,4108000.0,52921800000.0,10381,16.1,97.1,14695.0,94868000.0,1
2.7,EdTech,Kolkata,2,27,13,13,14,138590000.0,9,3,3258000.0,3584000.0,2025000.0,67786600000.0,4560,39.7,76.9,13741.0,42739000.0,1
2.5,AI/ML,Chennai,4,44,19,25,19,110830000.0,4,2,3758000.0,4940000.0,1521000.0,62832600000.0,4247,6.1,54.8,21917.0,34449000.0,1
9.8,EdTech,Other,1,64,12,47,17,25410000.0,1,1,8705000.0,9035000.0,3102000.0,24866500000.0,11979,16.4,82.3,16054.0,114196000.0,1
3.1,Technology,Bangalore,4,73,16,50,23,0.0,0,0,7707000.0,9004000.0,3647000.0,37716700000.0,9426,51.6,98.0,20509.0,140523000.0,1
5.5,EdTech,Bangalore,1,77,19,38,39,179260000.0,3,3,13339000.0,14497000.0,6797000.0,18771200000.0,27780,51.9,64.2,955.0,161231000.0,1
13.5,E-commerce,Kolkata,1,79,3,41,38,33100000.0,1,1,8648000.0,8781000.0,2596000.0,79132500000.0,10408,39.5,76.6,16824.0,118210000.0,1
7.4,FoodTech,Other,1,58,12,32,26,76830000.0,9,3,8263000.0,5906000.0,3207000.0,20877500000.0,15858,10.3,78.7,5958.0,100164000.0,1
10.2,Fintech,Bangalore,2,49,5,36,13,72970000.0,2,2,4489000.0,5637000.0,1470000.0,33330100000.0,6418,2.4,74.9,6433.0,52313000.0,1
3.0,EdTech,Other,4,41,2,18,23,0.0,0,0,6303000.0,4932000.0,2677000.0,54506300000.0,10114,17.1,83.2,18056.0,89224000.0,1
3.3,Healthcare,Mumbai,2,39,22,20,19,0.0,0,0,5484000.0,6716000.0,4065000.0,70087600000.0,8147,18.6,66.3,19867.0,60953000.0,1
1.1,FoodTech,Pune,4,14,7,9,5,92740000.0,6,2,1830000.0,3181000.0,850000.0,4165500000.0,3872,17.2,80.8,9388.0,24293000.0,1
2.9,FoodTech,Bangalore,2,29,13,21,8,29030000.0,1,1,2865000.0,3670000.0,1216000.0,24116500000.0,6469,30.2,88.3,19783.0,44033000.0,1
4.5,EdTech,Hyderabad,3,57,15,25,32,115920000.0,6,2,5888000.0,7817000.0,3081000.0,45540400000.0,11629,25.9,68.7,11177.0,67942000.0,1
3.1,FoodTech,Chennai,1,32,22,15,17,11970000.0,3,1,4328000.0,6356000.0,2506000.0,49484100000.0,7083,25.0,83.3,21462.0,59565000.0,1
1.8,SaaS,Other,1,18,3,8,10,22500000.0,6,2,2464000.0,3212000.0,1215000.0,5648700000.0,3977,7.7,66.7,769.0,27865000.0,0
2.2,EdTech,Other,2,35,21,14,21,47800000.0,2,2,5225000.0,5936000.0,3228000.0,53143100000.0,7333,-8.4,52.7,2225.0,43748000.0,1
7.2,Technology,Delhi,3,45,20,27,18,59110000.0,4,2,4114000.0,3925000.0,1229000.0,42268700000.0,5760,33.3,52.7,19442.0,36405000.0,0
3.5,AI/ML,Kolkata,1,21,5,13,8,0.0,0,0,1875000.0,5579000.0,2633000.0,66218800000.0,2059,19.3,78.5,15659.0,25059000.0,1
5.8,E-commerce,Delhi,4,68,24,41,27,100740000.0,6,2,5990000.0,7640000.0,1604000.0,17814000000.0,4077,27.0,45.7,14042.0,47447000.0,1
7.8,CleanTech,Bangalore,2,64,8,27,37,187880000.0,12,4,5742000.0,7126000.0,2794000.0,15642400000.0,9613,27.6,73.3,15407.0,71347000.0,1
10.5,Logistics,Delhi,1,64,22,27,37,138750000.0,6,3,7718000.0,6325000.0,2693000.0,63477300000.0,12539,-10.0,60.9,23265.0,73150000.0,1
1.1,FoodTech,Delhi,1,36,1,17,19,0.0,0,0,2853000.0,5109000.0,1434000.0,56324300000.0,3068,55.9,41.3,16440.0,22287000.0,1
12.1,Technology,Mumbai,2,76,8,38,38,11760000.0,1,1,8317000.0,8709000.0,2262000.0,63344300000.0,12286,5.6,81.6,16240.0,105425000.0,1
9.6,Fintech,Other,2,65,24,43,22,83180000.0,9,3,9379000.0,8547000.0,3277000.0,62565600000.0,17908,48.2,52.4,19023.0,92001000.0,1
1.7,Fintech,Hyderabad,4,41,18,18,23,163830000.0,3,3,6972000.0,7092000.0,2780000.0,8364900000.0,11260,27.3,98.0,21686.0,110776000.0,1
13.2,Logistics,Kolkata,4,117,20,48,69,130630000.0,6,3,10090000.0,12364000.0,4729000.0,22322700000.0,17931,-5.7,94.9,6659.0,141325000.0,1
13.9,E-commerce,Hyderabad,1,77,16,41,36,241790000.0,6,3,6442000.0,8212000.0,3590000.0,20843800000.0,6239,2.4,71.1,15476.0,64987000.0,1
1.4,FoodTech,Mumbai,1,24,18,13,11,395250000.0,12,6,5361000.0,4628000.0,2077000.0,74770300000.0,5984,2.8,43.9,14662.0,37317000.0,0
4.5,SaaS,Mumbai,2,76,20,42,34,200750000.0,6,3,6292000.0,9951000.0,2482000.0,39023000000.0,4737,4.1,76.1,3501.0,74857000.0,1
12.2,Logistics,Delhi,1,72,12,49,23,162500000.0,3,3,6774000.0,10068000.0,3214000.0,8929000000.0,13056,-10.0,97.7,13080.0,98787000.0,1
11.3,E-commerce,Pune,1,57,13,24,33,6640000.0,2,1,3935000.0,5252000.0,1770000.0,23201800000.0,3329,0.4,86.9,1878.0,52616000.0,1
3.2,FoodTech,Other,2,35,13,22,13,0.0,0,0,2239000.0,4039000.0,1264000.0,69758500000.0,3418,39.3,87.8,4746.0,37587000.0,1
3.5,Technology,Chennai,1,32,10,16,16,0.0,0,0,5157000.0,6023000.0,2357000.0,67773000000.0,10352,41.5,93.6,22837.0,82284000.0,1
5.9,AI/ML,Other,1,58,7,29,29,32370000.0,6,2,7082000.0,7143000.0,2777000.0,72032100000.0,11848,3.1,54.5,3113.0,58635000.0,1
7.5,SaaS,Chennai,3,52,14,37,15,269640000.0,10,5,5713000.0,7952000.0,3278000.0,31112900000.0,5464,-10.0,87.2,14536.0,74360000.0,1
9.5,CleanTech,Delhi,4,61,24,29,32,77900000.0,2,2,8122000.0,10563000.0,4544000.0,51325200000.0,14010,31.9,98.0,8188.0,141172000.0,1
5.8,Fintech,Chennai,2,52,16,32,20,80340000.0,6,2,4580000.0,7522000.0,2192000.0,22290000000.0,6669,-5.7,63.3,13950.0,41058000.0,1
7.2,Healthcare,Mumbai,3,52,15,25,27,78810000.0,2,2,3861000.0,5572000.0,1915000.0,14507000000.0,2694,-4.0,66.4,5989.0,40053000.0,1
11.3,Technology,Hyderabad,4,58,12,33,25,29700000.0,4,2,7936000.0,6842000.0,3711000.0,1801000000.0,12413,11.8,93.7,11193.0,111655000.0,1
1.0,Fintech,Chennai,4,23,9,15,8,416870000.0,5,5,4362000.0,5440000.0,2522000.0,17914100000.0,5053,9.7,91.5,21703.0,60726000.0,1
4.2,EdTech,Other,4,49,8,34,15,17290000.0,2,1,4031000.0,8031000.0,1922000.0,48369700000.0,11105,0.6,59.8,9499.0,37085000.0,1
10.8,Healthcare,Kolkata,3,58,18,40,18,32090000.0,1,1,6412000.0,8391000.0,4088000.0,72341600000.0,9136,2.6,53.9,8923.0,53346000.0,0
13.5,Fintech,Delhi,3,87,23,52,35,112680000.0,2,2,8220000.0,9344000.0,2560000.0,10717000000.0,16882,7.0,70.4,11236.0,94693000.0,1
7.9,E-commerce,Pune,4,52,18,25,27,202620000.0,9,3,4811000.0,6565000.0,2088000.0,73445000000.0,7021,2.3,51.4,2647.0,39623000.0,1
8.2,SaaS,Delhi,1,48,13,30,18,316400000.0,8,4,4598000.0,6926000.0,3328000.0,27663500000.0,5324,3.7,60.0,9776.0,41065000.0,0
2.1,Fintech,Bangalore,1,30,18,19,11,8450000.0,1,1,3483000.0,4981000.0,2480000.0,34174900000.0,4222,11.3,62.4,321.0,36450000.0,1
7.0,CleanTech,Delhi,3,46,15,18,28,54480000.0,6,3,5643000.0,6015000.0,2045000.0,29230000000.0,13394,25.8,87.7,12659.0,84406000.0,1
8.2,AI/ML,Mumbai,3,62,4,34,28,30230000.0,3,1,4312000.0,10298000.0,3529000.0,32718200000.0,5702,23.5,91.5,21221.0,67225000.0,1
4.0,E-commerce,Hyderabad,3,34,17,23,11,128670000.0,3,3,3703000.0,5076000.0,1997000.0,20772500000.0,3325,6.1,87.8,13869.0,51592000.0,1
4.4,Technology,Hyderabad,4,41,5,23,18,0.0,0,0,5176000.0,5907000.0,1926000.0,55903400000.0,7613,11.0,60.5,15252.0,48669000.0,0
6.0,Technology,Kolkata,1,43,22,21,22,105980000.0,2,2,4002000.0,6485000.0,2750000.0,60666700000.0,4088,47.6,70.8,909.0,53584000.0,1
0.8,Technology,Chennai,3,61,16,43,18,170810000.0,3,3,5016000.0,7812000.0,2731000.0,65857900000.0,19369,39.7,65.7,21509.0,59125000.0,1
5.2,Technology,Mumbai,3,42,9,19,23,0.0,0,0,2944000.0,5252000.0,2210000.0,27336100000.0,2727,30.1,75.0,9717.0,38941000.0,1
3.6,AI/ML,Bangalore,2,40,10,18,22,11330000.0,1,1,3233000.0,5889000.0,2559000.0,61181900000.0,7150,-10.0,82.5,24375.0,40616000.0,1
5.2,Fintech,Mumbai,4,45,24,28,17,62950000.0,12,4,4684000.0,5137000.0,2742000.0,51032100000.0,6419,20.4,65.3,3144.0,49866000.0,1
2.2,FoodTech,Delhi,2,31,18,16,15,0.0,0,0,2208000.0,3875000.0,1472000.0,76635400000.0,1621,3.1,57.8,23625.0,20559000.0,1
13.4,Fintech,Mumbai,1,70,17,45,25,141370000.0,6,3,7146000.0,8150000.0,3780000.0,34011600000.0,14735,-3.0,94.0,15912.0,98175000.0,1
9.1,EdTech,Mumbai,2,91,18,41,50,116650000.0,4,2,10670000.0,13511000.0,4693000.0,79385200000.0,17482,10.1,87.0,1451.0,143096000.0,1
10.3,SaaS,Kolkata,2,56,7,27,29,190880000.0,3,3,5108000.0,8269000.0,3071000.0,59244500000.0,3305,41.0,76.8,24297.0,69681000.0,0
11.9,Healthcare,Bangalore,2,65,4,29,36,58480000.0,3,3,7321000.0,9950000.0,3210000.0,62113400000.0,8596,37.5,57.1,495.0,73248000.0,1
7.7,FoodTech,Delhi,4,54,5,39,15,247710000.0,6,6,6050000.0,8601000.0,3908000.0,2105100000.0,6422,4.4,84.1,18308.0,79236000.0,1
1.8,FoodTech,Pune,1,32,23,17,15,144870000.0,9,3,3514000.0,6339000.0,2815000.0,39817000000.0,4133,19.9,69.6,22255.0,37990000.0,1
8.3,Fintech,Kolkata,2,65,16,33,32,114030000.0,2,2,7864000.0,11156000.0,3960000.0,42290500000.0,10220,8.7,40.9,4519.0,52348000.0,1
9.0,FoodTech,Pune,4,55,3,22,33,150570000.0,8,4,4920000.0,5035000.0,1218000.0,3296000000.0,9336,12.7,64.6,8682.0,50039000.0,0
11.3,Logistics,Kolkata,1,77,18,34,43,29770000.0,1,1,6214000.0,8453000.0,3068000.0,25004900000.0,13284,39.9,78.4,14097.0,80320000.0,1
6.8,Logistics,Hyderabad,3,55,23,30,25,103810000.0,9,3,6046000.0,7847000.0,2603000.0,76453800000.0,7033,16.6,69.0,17043.0,68461000.0,1
2.3,EdTech,Other,2,33,21,13,20,45610000.0,2,2,3011000.0,3480000.0,638000.0,34117600000.0,4334,-10.0,79.1,21816.0,36247000.0,0
4.6,Healthcare,Kolkata,1,33,14,19,14,388530000.0,12,4,4247000.0,6008000.0,2641000.0,14976800000.0,1880,21.1,78.5,19063.0,57018000.0,1
5.8,CleanTech,Chennai,2,61,15,34,27,0.0,0,0,9690000.0,10885000.0,5646000.0,41091400000.0,16913,58.0,56.7,9179.0,103919000.0,1
9.9,AI/ML,Mumbai,3,67,17,44,23,24820000.0,3,1,7017000.0,7697000.0,3040000.0,2749600000.0,11497,2.6,81.6,20570.0,85392000.0,1
8.8,Fintech,Hyderabad,1,44,1,27,17,6300000.0,3,1,4811000.0,7799000.0,2916000.0,41303300000.0,6601,52.1,82.9,24157.0,75946000.0,1
5.7,AI/ML,Bangalore,4,82,21,45,37,0.0,0,0,7660000.0,8749000.0,3385000.0,47561800000.0,8384,31.6,71.6,5791.0,92330000.0,1
14.8,CleanTech,Pune,1,73,17,34,39,29880000.0,3,1,4885000.0,5767000.0,1422000.0,28647700000.0,5811,43.9,72.2,1991.0,63249000.0,1
9.3,Fintech,Other,4,84,23,54,30,31800000.0,2,1,10223000.0,11133000.0,6117000.0,61018000000.0,18838,37.3,72.1,10752.0,142259000.0,1
3.9,Fintech,Other,1,114,11,73,41,0.0,0,0,15299000.0,14660000.0,5170000.0,10900300000.0,22160,21.9,93.2,22053.0,246333000.0,1
2.0,Healthcare,Kolkata,4,54,17,24,30,0.0,0,0,4954000.0,6687000.0,3053000.0,70260800000.0,8577,4.5,77.4,3885.0,58235000.0,0
2.7,AI/ML,Mumbai,3,46,14,33,13,145260000.0,3,3,7598000.0,7643000.0,2489000.0,76437800000.0,13849,21.9,73.7,22162.0,94876000.0,1
4.1,Logistics,Bangalore,3,39,20,16,23,330800000.0,18,6,5691000.0,4808000.0,1319000.0,148700000.0,7279,23.1,78.6,24806.0,78608000.0,1
2.8,Technology,Chennai,3,30,19,12,18,23190000.0,1,1,2668000.0,3993000.0,1055000.0,67425600000.0,8011,39.4,78.3,1492.0,37516000.0,1
3.2,AI/ML,Bangalore,1,49,21,22,27,20410000.0,3,1,3295000.0,4054000.0,1135000.0,40513100000.0,2809,-10.0,70.6,12457.0,31527000.0,1
4.6,SaaS,Mumbai,3,29,7,20,9,0.0,0,0,2228000.0,3397000.0,1522000.0,36939400000.0,2682,-10.0,53.3,8323.0,17395000.0,0
3.0,SaaS,Chennai,2,34,24,19,15,27180000.0,3,1,2999000.0,5311000.0,1819000.0,19132400000.0,4098,23.2,73.5,9933.0,36175000.0,1
13.5,Fintech,Bangalore,3,87,13,58,29,210340000.0,3,3,9933000.0,10886000.0,4915000.0,35813600000.0,17545,25.3,80.3,11373.0,132240000.0,1
1.7,Technology,Chennai,4,26,18,12,14,118020000.0,2,2,3227000.0,5762000.0,2335000.0,76036700000.0,2814,-1.1,76.1,18532.0,35574000.0,1
8.1,E-commerce,Kolkata,4,87,23,49,38,58730000.0,4,2,6539000.0,6796000.0,1534000.0,16902500000.0,19127,25.9,65.0,14844.0,67590000.0,1
6.5,CleanTech,Kolkata,4,64,14,33,31,0.0,0,0,6380000.0,8206000.0,2282000.0,14364300000.0,15728,32.9,69.3,24036.0,74333000.0,1
14.7,EdTech,Mumbai,1,87,1,60,27,77790000.0,3,3,6601000.0,9629000.0,1662000.0,19389600000.0,4656,13.7,85.9,8419.0,92818000.0,1
2.1,Technology,Mumbai,2,36,7,14,22,0.0,0,0,5780000.0,5294000.0,2170000.0,44169100000.0,9383,49.5,48.4,13606.0,54180000.0,1
6.3,EdTech,Chennai,3,63,8,30,33,50950000.0,4,2,5341000.0,10149000.0,3116000.0,74427500000.0,6243,53.6,61.6,20361.0,66954000.0,1
14.6,AI/ML,Delhi,2,97,18,43,54,248920000.0,9,3,12118000.0,11195000.0,4323000.0,45931800000.0,16119,20.7,73.8,9420.0,143748000.0,1
13.0,AI/ML,Hyderabad,2,73,9,51,22,27050000.0,2,2,10339000.0,11439000.0,3451000.0,19516400000.0,19189,36.5,86.6,11713.0,152347000.0,1
12.3,EdTech,Other,4,55,1,31,24,0.0,0,0,5466000.0,4768000.0,1768000.0,35264200000.0,9291,-10.0,97.4,17172.0,78703000.0,1
4.2,CleanTech,Bangalore,4,67,22,36,31,7580000.0,2,1,4696000.0,8036000.0,3241000.0,31262500000.0,9768,41.6,84.5,21539.0,67212000.0,1
3.0,Technology,Bangalore,4,53,17,29,24,0.0,0,0,3948000.0,5541000.0,2338000.0,3773200000.0,7742,50.3,63.7,10480.0,42346000.0,1
10.2,E-commerce,Delhi,1,65,19,48,17,27060000.0,2,2,4921000.0,8228000.0,2059000.0,40875800000.0,8238,-4.3,47.3,13369.0,36336000.0,1
14.0,Fintech,Delhi,2,61,6,42,19,20250000.0,3,1,3952000.0,7955000.0,2797000.0,10124200000.0,6391,31.6,98.0,24382.0,64551000.0,1
8.6,Healthcare,Delhi,2,52,3,33,19,0.0,0,0,4964000.0,6284000.0,1926000.0,67387400000.0,11451,-10.0,60.2,1205.0,41129000.0,0
8.8,AI/ML,Pune,1,55,24,27,28,35590000.0,4,2,5035000.0,7853000.0,2274000.0,43939600000.0,6227,0.7,74.0,11288.0,57692000.0,1
4.6,SaaS,Pune,1,61,5,27,34,74010000.0,6,3,5103000.0,8405000.0,2243000.0,67576300000.0,15204,6.6,70.4,15954.0,55699000.0,1
11.7,CleanTech,Chennai,1,97,2,70,27,82820000.0,6,2,7894000.0,12154000.0,3378000.0,76485800000.0,20143,-10.0,71.0,359.0,79265000.0,1
3.2,Healthcare,Pune,2,31,20,16,15,57850000.0,4,2,3320000.0,2581000.0,700000.0,75457900000.0,4077,12.8,55.7,14980.0,27194000.0,1
5.2,E-commerce,Kolkata,2,40,4,19,21,0.0,0,0,2733000.0,4439000.0,1915000.0,8079300000.0,4156,11.3,97.1,1547.0,41104000.0,0
6.7,FoodTech,Kolkata,4,36,10,20,16,113540000.0,2,2,3369000.0,6688000.0,2945000.0,75588100000.0,9564,31.6,59.8,21460.0,33699000.0,1
7.9,Fintech,Mumbai,4,59,10,42,17,59710000.0,6,2,5671000.0,6065000.0,1826000.0,63670000000.0,4681,-10.0,74.2,20206.0,59147000.0,1
4.0,AI/ML,Other,2,41,24,21,20,275640000.0,4,4,4005000.0,7242000.0,3410000.0,62223800000.0,8070,31.7,65.8,952.0,46399000.0,1
2.2,Fintech,Chennai,4,42,21,25,17,31560000.0,2,1,3053000.0,6299000.0,3162000.0,7255800000.0,2672,0.6,80.6,1363.0,37521000.0,1
9.4,Healthcare,Other,1,53,11,36,17,123290000.0,3,3,3961000.0,7373000.0,1920000.0,14402200000.0,5773,-10.0,69.1,18877.0,38801000.0,0
4.7,Fintech,Bangalore,3,33,16,18,15,213990000.0,3,3,3764000.0,5020000.0,1766000.0,78014300000.0,2116,13.7,67.6,9333.0,40780000.0,0
8.9,FoodTech,Hyderabad,4,57,17,27,30,112970000.0,2,2,5815000.0,8660000.0,3531000.0,17108900000.0,7635,34.6,87.2,14439.0,93129000.0,1
2.7,Healthcare,Mumbai,2,25,16,18,7,10220000.0,1,1,1712000.0,5979000.0,2505000.0,13565800000.0,4820,7.3,67.5,6868.0,18224000.0,1
7.5,AI/ML,Bangalore,4,48,7,35,13,31770000.0,1,1,6919000.0,7771000.0,3122000.0,29020000000.0,15402,29.3,91.8,4448.0,112893000.0,1
8.2,Technology,Bangalore,4,46,16,31,15,62100000.0,9,3,3404000.0,4694000.0,1472000.0,73072800000.0,5338,24.1,54.7,7508.0,30008000.0,1
1.3,SaaS,Chennai,4,18,3,11,7,46150000.0,2,2,2277000.0,5373000.0,2594000.0,38121700000.0,4692,87.0,68.5,6281.0,32338000.0,1
5.4,Healthcare,Delhi,3,67,16,33,34,101840000.0,2,2,7251000.0,7590000.0,3828000.0,73650700000.0,9981,11.1,60.0,11290.0,67367000.0,0
2.4,Logistics,Delhi,1,43,8,30,13,0.0,0,0,2859000.0,4934000.0,1331000.0,26780400000.0,3866,14.3,72.4,18705.0,33614000.0,1
1.4,FoodTech,Other,2,47,12,23,24,184400000.0,3,3,6064000.0,6375000.0,4121000.0,18161000000.0,11251,42.4,52.8,13920.0,58672000.0,1
14.9,Healthcare,Mumbai,3,100,3,68,32,28360000.0,2,2,10435000.0,9831000.0,3176000.0,39641500000.0,22466,16.9,80.7,15288.0,138810000.0,1
5.2,Healthcare,Delhi,2,36,17,25,11,72050000.0,2,2,3679000.0,5054000.0,847000.0,49257400000.0,3152,23.5,82.1,11831.0,45802000.0,1
12.2,Logistics,Bangalore,2,67,21,40,27,160240000.0,6,3,9601000.0,9882000.0,3336000.0,31350300000.0,11999,-10.0,93.1,8220.0,123795000.0,0
4.2,AI/ML,Delhi,2,43,18,29,14,0.0,0,0,5055000.0,4735000.0,1287000.0,27715100000.0,9272,15.3,83.9,3716.0,68661000.0,1
10.4,Healthcare,Pune,3,84,11,56,28,421230000.0,4,4,9559000.0,11178000.0,5594000.0,17483800000.0,7012,2.5,83.7,8961.0,130295000.0,1
11.5,SaaS,Delhi,1,104,4,48,56,182720000.0,12,4,12357000.0,11286000.0,4438000.0,22036800000.0,19707,7.5,81.5,16680.0,153052000.0,1
9.1,Fintech,Bangalore,2,49,16,31,18,39380000.0,4,2,5755000.0,6289000.0,2375000.0,53865800000.0,7429,23.6,68.9,18384.0,72213000.0,1
7.3,AI/ML,Other,1,49,17,21,28,8300000.0,2,1,4886000.0,5557000.0,1134000.0,29621400000.0,10475,16.8,94.7,11809.0,71398000.0,1
6.5,SaaS,Chennai,1,36,9,20,16,0.0,0,0,3905000.0,5435000.0,1285000.0,6426600000.0,7007,35.0,79.8,16178.0,54583000.0,1
5.6,AI/ML,Mumbai,4,48,6,21,27,186240000.0,9,3,4949000.0,6516000.0,3201000.0,11095500000.0,3343,39.0,98.0,5382.0,85122000.0,0
14.0,SaaS,Hyderabad,3,90,24,49,41,86280000.0,3,3,13598000.0,14596000.0,6020000.0,29821700000.0,21078,14.1,96.6,21523.0,206176000.0,1
12.5,FoodTech,Delhi,3,67,20,46,21,97800000.0,4,2,4829000.0,4568000.0,1316000.0,73964000000.0,13079,24.6,76.9,21669.0,64046000.0,1
14.5,SaaS,Kolkata,4,69,2,51,18,164200000.0,10,5,5618000.0,9494000.0,3653000.0,30353500000.0,11936,-10.0,77.5,8110.0,62157000.0,1
2.3,EdTech,Kolkata,4,33,9,16,17,220860000.0,12,4,4107000.0,4403000.0,1822000.0,4898300000.0,2739,24.9,83.6,13761.0,54181000.0,1
11.1,SaaS,Other,1,83,21,48,35,450000000.0,5,5,12478000.0,13743000.0,6161000.0,33468600000.0,22439,41.2,94.2,15226.0,196770000.0,1
14.1,Technology,Bangalore,2,61,6,35,26,65450000.0,9,3,6992000.0,7977000.0,3879000.0,53522000000.0,7584,-2.0,50.5,11890.0,48778000.0,1
3.1,Technology,Hyderabad,3,47,3,34,13,0.0,0,0,7030000.0,8594000.0,2994000.0,47508000000.0,13148,34.6,90.4,22792.0,112393000.0,1
1.5,CleanTech,Hyderabad,2,34,20,19,15,0.0,0,0,4051000.0,4174000.0,1957000.0,22340300000.0,6094,8.1,77.2,18532.0,48212000.0,1
11.2,EdTech,Pune,2,74,6,47,27,165200000.0,9,3,6726000.0,8116000.0,2307000.0,55062700000.0,8924,5.3,87.1,16862.0,93452000.0,0
8.8,EdTech,Hyderabad,4,65,7,46,19,146980000.0,6,3,5548000.0,5535000.0,1906000.0,50468400000.0,7996,49.3,61.9,13074.0,62532000.0,1
12.7,Fintech,Kolkata,2,54,1,28,26,217820000.0,3,3,7613000.0,6074000.0,2370000.0,13815200000.0,13386,17.3,61.3,2258.0,76510000.0,1
2.5,EdTech,Chennai,1,30,23,21,9,34560000.0,3,1,4264000.0,4899000.0,2385000.0,13013500000.0,6483,37.1,76.8,2829.0,60542000.0,1
12.0,Fintech,Bangalore,4,67,1,48,19,10440000.0,3,1,8463000.0,11439000.0,4019000.0,43797300000.0,14916,-10.0,85.7,7580.0,103106000.0,1
3.4,CleanTech,Bangalore,2,20,5,14,6,0.0,0,0,1687000.0,2111000.0,566000.0,52772100000.0,2477,4.6,54.8,5406.0,15807000.0,1
2.9,CleanTech,Delhi,4,44,6,21,23,53610000.0,9,3,6209000.0,5696000.0,2760000.0,76954800000.0,10824,33.7,66.4,23820.0,73329000.0,0
2.9,FoodTech,Delhi,1,41,13,22,19,158120000.0,6,6,5624000.0,5487000.0,2933000.0,33783400000.0,8452,20.7,55.2,10334.0,48253000.0,1
12.3,Technology,Delhi,1,78,2,54,24,0.0,0,0,10347000.0,12971000.0,6531000.0,61206900000.0,15462,14.0,77.9,21934.0,122286000.0,1
10.1,SaaS,Kolkata,2,57,15,29,28,34130000.0,2,1,5288000.0,7115000.0,3277000.0,9365800000.0,14576,31.3,98.0,20479.0,84875000.0,1
8.1,SaaS,Kolkata,4,50,15,30,20,21570000.0,3,1,3318000.0,6138000.0,1490000.0,71174200000.0,3450,-0.3,67.3,20342.0,33511000.0,1
5.7,Logistics,Other,2,49,13,21,28,158220000.0,8,4,5892000.0,7673000.0,2954000.0,50666900000.0,11027,44.8,83.0,5510.0,83342000.0,1
13.2,Logistics,Kolkata,2,64,14,26,38,31260000.0,4,2,5637000.0,8527000.0,3203000.0,50341000000.0,10653,13.3,73.7,11266.0,71033000.0,1
6.2,E-commerce,Kolkata,4,61,22,33,28,235560000.0,3,3,7505000.0,8670000.0,3933000.0,11438300000.0,6834,0.1,77.2,8051.0,95349000.0,1
12.3,AI/ML,Kolkata,2,81,7,48,33,0.0,0,0,5054000.0,9824000.0,3585000.0,3214700000.0,10818,1.5,63.7,24265.0,44569000.0,1
6.9,FoodTech,Kolkata,1,46,14,24,22,49450000.0,4,2,5987000.0,8330000.0,3947000.0,56130900000.0,7961,16.2,81.2,21937.0,78990000.0,1
6.0,E-commerce,Chennai,4,64,24,38,26,222080000.0,6,3,7807000.0,9089000.0,4389000.0,9408700000.0,7464,8.6,69.2,6361.0,76514000.0,1
7.2,E-commerce,Kolkata,4,39,10,22,17,0.0,0,0,2518000.0,4839000.0,2188000.0,10201300000.0,5133,29.6,97.1,7941.0,42455000.0,1
4.9,Healthcare,Other,4,39,17,24,15,35030000.0,6,2,5696000.0,6328000.0,2795000.0,15040600000.0,8899,17.0,64.8,13293.0,62288000.0,1
11.3,Healthcare,Hyderabad,4,111,14,69,42,0.0,0,0,7957000.0,10601000.0,3511000.0,7864800000.0,6611,10.2,85.7,7073.0,106972000.0,1
7.8,E-commerce,Hyderabad,2,101,8,55,46,114380000.0,6,2,10795000.0,11356000.0,5451000.0,50050100000.0,13432,25.8,98.0,20640.0,178724000.0,1
3.9,EdTech,Pune,2,29,4,15,14,231450000.0,9,3,3146000.0,4350000.0,2094000.0,33789300000.0,5470,6.4,88.6,20508.0,41977000.0,1
13.5,AI/ML,Chennai,1,107,16,48,59,7100000.0,2,1,10878000.0,11378000.0,4899000.0,21324400000.0,11554,28.8,59.4,18150.0,109722000.0,1
6.1,FoodTech,Delhi,3,54,24,31,23,45470000.0,4,2,6163000.0,5861000.0,1880000.0,35287900000.0,10829,25.2,58.0,17279.0,61898000.0,0
8.4,E-commerce,Mumbai,3,49,13,29,20,116850000.0,4,4,5799000.0,6119000.0,2046000.0,67539000000.0,6301,24.3,78.3,13750.0,75015000.0,1
13.6,SaaS,Kolkata,1,76,22,43,33,21010000.0,1,1,9644000.0,8487000.0,3085000.0,74170000000.0,18165,10.1,72.9,8776.0,116157000.0,1
9.6,AI/ML,Pune,3,94,20,48,46,333450000.0,4,4,9769000.0,11489000.0,4869000.0,39023700000.0,11106,4.1,79.2,20948.0,114835000.0,1
2.2,Healthcare,Mumbai,1,26,18,16,10,0.0,0,0,1814000.0,4600000.0,2076000.0,45361900000.0,3114,35.8,88.7,21492.0,27734000.0,1
14.1,SaaS,Other,2,80,14,34,46,96600000.0,6,2,6612000.0,8964000.0,2988000.0,20613100000.0,15919,31.5,73.2,1380.0,76066000.0,1
9.6,Healthcare,Hyderabad,4,64,18,46,18,181060000.0,3,3,5572000.0,9980000.0,3701000.0,41112400000.0,4199,-4.2,63.2,10056.0,58293000.0,1
5.4,Healthcare,Pune,4,45,5,18,27,26850000.0,3,1,6381000.0,6311000.0,3188000.0,59862200000.0,10129,8.5,74.9,812.0,68081000.0,1
2.5,AI/ML,Other,2,27,9,19,8,0.0,0,0,2052000.0,3871000.0,568000.0,39396400000.0,7280,47.5,93.3,21011.0,35998000.0,1
12.0,Healthcare,Pune,4,55,3,30,25,215090000.0,8,4,10563000.0,10135000.0,5719000.0,24200700000.0,15494,39.6,72.5,4551.0,137597000.0,1
9.5,CleanTech,Bangalore,4,47,8,25,22,53200000.0,4,2,4977000.0,7410000.0,2239000.0,46583600000.0,5369,-7.7,98.0,16896.0,70613000.0,1
8.2,Technology,Other,3,63,20,30,33,450000000.0,10,5,8696000.0,7981000.0,2545000.0,75735100000.0,16049,18.3,84.4,9031.0,115288000.0,1
13.5,CleanTech,Hyderabad,2,90,22,36,54,29230000.0,3,1,7395000.0,9196000.0,4059000.0,71044300000.0,16444,27.2,83.1,20429.0,101753000.0,1
11.9,Technology,Hyderabad,3,68,10,33,35,77620000.0,9,3,6576000.0,7388000.0,2323000.0,61550900000.0,5697,39.9,64.4,12816.0,73643000.0,1
2.7,Logistics,Chennai,3,48,22,21,27,219660000.0,3,3,4293000.0,6938000.0,2497000.0,22133000000.0,5047,20.8,70.2,8211.0,48312000.0,1
5.0,Logistics,Pune,4,37,19,23,14,23450000.0,6,2,3677000.0,5654000.0,1975000.0,19362700000.0,9008,28.6,79.3,8198.0,45459000.0,1
4.1,Healthcare,Kolkata,4,65,21,33,32,37510000.0,9,3,5060000.0,7414000.0,3451000.0,67091000000.0,20548,38.5,71.6,8274.0,65235000.0,1
11.3,FoodTech,Hyderabad,2,60,3,40,20,0.0,0,0,5544000.0,8203000.0,3599000.0,14546300000.0,5089,41.4,89.7,19746.0,90304000.0,1
1.0,FoodTech,Pune,4,14,11,6,8,119650000.0,2,2,2332000.0,4221000.0,2131000.0,48468600000.0,3534,14.0,75.0,17821.0,27482000.0,1
8.8,Technology,Chennai,4,53,11,37,16,149600000.0,9,3,5821000.0,6979000.0,2173000.0,35142400000.0,13106,19.0,63.7,8082.0,60246000.0,1
11.6,SaaS,Kolkata,2,87,17,50,37,6400000.0,3,1,6478000.0,10957000.0,3645000.0,37465500000.0,10124,1.3,76.9,12332.0,77030000.0,1
13.2,AI/ML,Other,4,99,16,43,56,121580000.0,6,2,10357000.0,9503000.0,1835000.0,36390700000.0,20484,12.0,67.5,2042.0,103373000.0,1
5.5,Healthcare,Chennai,3,32,7,17,15,0.0,0,0,2059000.0,3703000.0,1076000.0,72001000000.0,2764,9.0,82.2,20713.0,24750000.0,1
12.4,AI/ML,Bangalore,2,71,4,33,38,365470000.0,12,4,12180000.0,6285000.0,2808000.0,7013200000.0,17048,13.9,65.4,6759.0,127016000.0,1
2.1,CleanTech,Kolkata,4,28,23,13,15,82280000.0,3,3,3314000.0,4376000.0,2484000.0,62643000000.0,5777,15.9,98.0,22247.0,51658000.0,1
12.8,FoodTech,Pune,1,66,19,38,28,0.0,0,0,7447000.0,8254000.0,3601000.0,66809300000.0,11853,35.9,51.9,14980.0,65756000.0,1
2.3,EdTech,Hyderabad,2,31,12,19,12,20450000.0,1,1,2869000.0,4938000.0,2411000.0,75433000000.0,8633,25.7,68.2,14260.0,33611000.0,1
6.3,CleanTech,Hyderabad,2,55,15,39,16,98080000.0,2,2,4506000.0,6450000.0,2895000.0,36235400000.0,3427,-10.0,75.4,4194.0,47779000.0,0
12.1,CleanTech,Pune,1,81,11,46,35,174360000.0,6,3,7939000.0,8372000.0,2465000.0,40030200000.0,22932,30.1,66.1,1878.0,91131000.0,1
2.7,Technology,Pune,4,21,5,15,6,83340000.0,2,2,2006000.0,5344000.0,2642000.0,76905500000.0,1001,5.9,41.3,13883.0,14537000.0,1
3.8,Fintech,Pune,4,19,5,13,6,0.0,0,0,2249000.0,3382000.0,1371000.0,36703200000.0,3539,-6.0,98.0,11780.0,34529000.0,1
11.0,CleanTech,Delhi,2,65,15,45,20,11810000.0,2,1,4657000.0,6533000.0,1967000.0,40308700000.0,9686,-7.1,83.6,3124.0,58547000.0,1
10.9,Healthcare,Kolkata,2,58,18,33,25,86520000.0,4,2,4487000.0,7279000.0,2183000.0,26613700000.0,13151,21.7,55.9,20914.0,35954000.0,1
9.8,E-commerce,Hyderabad,4,49,11,22,27,121110000.0,3,3,6458000.0,7797000.0,3480000.0,2578600000.0,8764,41.3,57.9,10518.0,68550000.0,1
10.6,E-commerce,Kolkata,4,57,12,27,30,51240000.0,3,3,4495000.0,7594000.0,3499000.0,34672700000.0,14319,13.4,52.8,6622.0,41242000.0,1
8.4,Healthcare,Chennai,3,43,2,26,17,38530000.0,4,2,4198000.0,6272000.0,1813000.0,52424600000.0,6303,38.6,71.4,19739.0,53331000.0,1
4.2,Fintech,Hyderabad,2,37,20,20,17,208220000.0,6,3,4218000.0,4918000.0,1950000.0,55211200000.0,4336,19.9,94.0,22840.0,63395000.0,1
5.5,Fintech,Delhi,2,47,15,21,26,230310000.0,3,3,4379000.0,6970000.0,2758000.0,570400000.0,4372,-10.0,69.4,7753.0,42636000.0,1
3.1,Technology,Pune,1,29,20,16,13,46960000.0,6,2,3850000.0,4807000.0,1669000.0,64094200000.0,7726,31.5,67.0,19432.0,46544000.0,1
13.7,FoodTech,Bangalore,3,60,4,24,36,10710000.0,3,1,5565000.0,8634000.0,1886000.0,39418600000.0,9167,6.1,87.0,16365.0,73137000.0,1
9.0,AI/ML,Pune,4,71,22,46,25,41920000.0,9,3,6763000.0,8003000.0,3664000.0,41683600000.0,10869,0.2,77.9,24745.0,75877000.0,1
6.3,Fintech,Other,3,41,18,17,24,116410000.0,2,2,4820000.0,6947000.0,1769000.0,76941400000.0,11581,31.6,72.6,5219.0,58380000.0,1
7.2,EdTech,Pune,4,48,6,29,19,0.0,0,0,7095000.0,9330000.0,4100000.0,22792700000.0,12477,20.9,83.7,24023.0,97660000.0,1
14.2,Technology,Delhi,4,76,23,51,25,33710000.0,2,1,5039000.0,9673000.0,3023000.0,60944100000.0,6548,16.5,48.7,7985.0,38983000.0,1
2.7,Logistics,Kolkata,3,33,19,14,19,107650000.0,2,2,3651000.0,4276000.0,1149000.0,46003400000.0,6160,20.1,80.1,10387.0,44894000.0,1
9.0,SaaS,Hyderabad,2,47,11,27,20,52980000.0,2,2,3442000.0,7189000.0,2577000.0,56078800000.0,3105,-0.6,91.4,9067.0,46325000.0,1
7.8,Logistics,Pune,4,52,24,34,18,29180000.0,2,2,9465000.0,6418000.0,3131000.0,33454500000.0,18144,56.9,56.2,6821.0,109198000.0,1
9.4,Technology,Hyderabad,3,51,2,25,26,69550000.0,4,2,4770000.0,6492000.0,1738000.0,22372600000.0,13403,21.8,68.3,17377.0,54108000.0,1
0.8,CleanTech,Mumbai,1,49,8,22,27,0.0,0,0,6974000.0,7040000.0,2430000.0,43712800000.0,13000,21.5,46.2,14790.0,55139000.0,0
13.1,AI/ML,Chennai,3,62,11,32,30,115160000.0,12,4,7685000.0,7531000.0,3371000.0,30026500000.0,13534,16.1,67.4,7746.0,77866000.0,1
14.0,SaaS,Kolkata,1,68,5,40,28,41800000.0,6,2,7261000.0,9358000.0,2892000.0,17871700000.0,8448,-10.0,64.5,3435.0,69503000.0,0
8.7,Logistics,Hyderabad,4,67,18,40,27,86950000.0,2,2,6560000.0,8478000.0,2613000.0,67146900000.0,8642,3.2,97.4,8037.0,102159000.0,1
10.6,SaaS,Bangalore,3,70,23,31,39,146630000.0,3,3,6731000.0,9305000.0,2080000.0,38092700000.0,7843,-8.9,67.0,9624.0,66008000.0,1
13.9,EdTech,Chennai,3,94,18,52,42,49000000.0,4,2,7360000.0,9996000.0,4728000.0,67792900000.0,4560,-10.0,77.7,9609.0,77482000.0,1
10.8,EdTech,Other,1,57,14,28,29,76410000.0,6,2,6644000.0,6027000.0,2695000.0,37948800000.0,12274,-10.0,92.3,9028.0,89975000.0,1
2.7,EdTech,Other,3,76,22,52,24,8760000.0,3,1,8221000.0,12015000.0,3717000.0,44566000000.0,10635,4.0,42.9,1361.0,57191000.0,0
8.9,Technology,Bangalore,3,50,10,25,25,96360000.0,6,2,3956000.0,6502000.0,3236000.0,79622700000.0,13942,18.5,75.3,11681.0,47017000.0,1
9.3,AI/ML,Pune,4,45,3,31,14,0.0,0,0,4571000.0,6333000.0,2649000.0,76122800000.0,9098,-10.0,58.0,20930.0,40421000.0,0
6.6,Technology,Chennai,3,64,9,35,29,0.0,0,0,9831000.0,8734000.0,2733000.0,21771600000.0,18271,33.4,58.3,4632.0,101112000.0,1
11.2,E-commerce,Hyderabad,2,59,3,38,21,450000000.0,6,6,9894000.0,7986000.0,3744000.0,69499000000.0,12013,24.5,61.4,3770.0,91312000.0,1
14.0,CleanTech,Chennai,1,75,11,43,32,69990000.0,4,2,6595000.0,9517000.0,2946000.0,31262800000.0,5192,12.9,66.6,11875.0,67770000.0,1
13.9,CleanTech,Pune,3,84,12,51,33,171690000.0,18,6,9620000.0,9877000.0,4431000.0,5746300000.0,15026,65.6,59.0,9359.0,108652000.0,1
7.0,EdTech,Delhi,1,50,12,26,24,0.0,0,0,6737000.0,5635000.0,1697000.0,46083700000.0,9396,12.7,67.6,14098.0,72025000.0,1
2.1,E-commerce,Kolkata,1,13,3,8,5,0.0,0,0,844000.0,1912000.0,805000.0,78165300000.0,754,35.6,87.0,23685.0,12777000.0,1
14.8,Fintech,Bangalore,1,92,21,50,42,57700000.0,3,3,6262000.0,10358000.0,2877000.0,77946400000.0,5521,22.6,80.2,19058.0,85465000.0,1
12.7,Fintech,Pune,3,58,7,32,26,145880000.0,6,3,4647000.0,6426000.0,1066000.0,10160900000.0,15829,49.7,98.0,17223.0,85504000.0,1
2.3,EdTech,Delhi,3,44,14,25,19,220210000.0,6,3,9340000.0,6216000.0,3254000.0,61710400000.0,14143,41.9,76.0,10486.0,134097000.0,1
13.9,Logistics,Chennai,1,143,24,98,45,0.0,0,0,13792000.0,15282000.0,4304000.0,64236500000.0,34980,11.4,81.8,7291.0,180245000.0,1
13.1,Technology,Chennai,2,68,11,42,26,92630000.0,9,3,6315000.0,8056000.0,3064000.0,29531100000.0,5745,12.2,91.0,13576.0,95594000.0,1
8.0,EdTech,Pune,1,46,7,24,22,450000000.0,15,5,5374000.0,4936000.0,1697000.0,52704700000.0,9578,-10.0,56.8,22153.0,46228000.0,1
9.1,FoodTech,Hyderabad,2,53,21,33,20,171520000.0,12,4,5585000.0,6840000.0,1918000.0,39078400000.0,11903,20.6,90.7,21937.0,86454000.0,1
6.3,SaaS,Chennai,1,33,10,20,13,297620000.0,12,4,5591000.0,4683000.0,1251000.0,18270100000.0,8320,32.4,59.7,11221.0,61829000.0,1
1.3,CleanTech,Hyderabad,4,52,11,37,15,0.0,0,0,4486000.0,8016000.0,2403000.0,60913100000.0,6296,16.6,79.4,6269.0,56662000.0,1
5.4,Fintech,Hyderabad,1,35,15,24,11,99790000.0,2,2,3541000.0,4757000.0,3082000.0,21057100000.0,9913,48.8,86.2,5750.0,55697000.0,1
12.1,Healthcare,Kolkata,1,72,19,45,27,251730000.0,3,3,8758000.0,10505000.0,4138000.0,27268800000.0,16497,21.2,46.1,995.0,57143000.0,1
0.6,Fintech,Hyderabad,3,40,16,20,20,101320000.0,2,2,3452000.0,4919000.0,1650000.0,15242000000.0,9589,45.4,67.6,21090.0,44062000.0,1
5.3,CleanTech,Mumbai,2,71,22,47,24,178520000.0,6,3,7245000.0,9866000.0,2937000.0,57555700000.0,9343,14.4,71.7,6731.0,86682000.0,1
6.3,SaaS,Kolkata,4,52,21,31,21,230210000.0,6,3,4800000.0,4644000.0,1395000.0,36725000000.0,10116,-7.5,57.0,9071.0,40002000.0,1
8.3,CleanTech,Delhi,2,61,20,45,16,32170000.0,2,1,7737000.0,9485000.0,3813000.0,35497700000.0,15070,4.3,77.4,20259.0,94646000.0,1
13.8,Healthcare,Delhi,4,81,12,39,42,414640000.0,4,4,8516000.0,10409000.0,2690000.0,48384800000.0,21157,17.3,96.4,3133.0,137279000.0,1
5.5,EdTech,Chennai,1,85,18,36,49,204410000.0,9,3,7894000.0,12143000.0,3650000.0,12623200000.0,7853,1.5,59.1,11612.0,70529000.0,1
5.5,E-commerce,Chennai,3,54,23,22,32,37770000.0,4,2,3849000.0,7080000.0,1950000.0,71857400000.0,6492,-10.0,89.3,3190.0,50065000.0,1
11.2,Healthcare,Hyderabad,3,67,13,41,26,318840000.0,8,4,6756000.0,7590000.0,2362000.0,37235500000.0,6747,-10.0,79.6,11130.0,76989000.0,1
7.1,CleanTech,Kolkata,2,32,5,23,9,25260000.0,2,2,3320000.0,4334000.0,1457000.0,29353800000.0,8466,40.3,53.7,1321.0,31428000.0,1
3.8,CleanTech,Kolkata,3,19,4,7,12,263440000.0,15,5,4037000.0,4144000.0,2567000.0,10178900000.0,5158,26.5,66.9,13013.0,43971000.0,1
7.1,FoodTech,Mumbai,2,52,14,34,18,8470000.0,3,1,4604000.0,6875000.0,2352000.0,13477900000.0,5505,24.1,76.3,19923.0,55177000.0,1
2.5,FoodTech,Hyderabad,2,57,8,35,22,0.0,0,0,9648000.0,10704000.0,6011000.0,73632800000.0,16574,21.7,94.9,16956.0,144557000.0,1
3.1,AI/ML,Mumbai,4,49,9,32,17,0.0,0,0,6441000.0,6057000.0,1986000.0,36556500000.0,9465,6.0,83.9,12803.0,83018000.0,1
7.7,FoodTech,Other,2,106,19,55,51,26400000.0,3,1,10120000.0,10773000.0,4139000.0,57788600000.0,12334,35.5,63.1,20745.0,105416000.0,1
6.6,Technology,Hyderabad,4,40,3,27,13,0.0,0,0,3723000.0,4450000.0,2459000.0,6487300000.0,4245,-10.0,78.2,5811.0,39947000.0,1
13.8,E-commerce,Bangalore,3,82,5,34,48,28640000.0,4,2,6232000.0,8643000.0,2522000.0,51495000000.0,4573,-10.0,33.5,20795.0,27355000.0,0
5.8,SaaS,Bangalore,2,67,21,44,23,76050000.0,4,2,7941000.0,7468000.0,1587000.0,73725500000.0,12587,13.6,85.3,7018.0,106706000.0,1
8.9,Healthcare,Pune,2,65,18,32,33,0.0,0,0,5399000.0,6810000.0,2775000.0,24032100000.0,5935,20.9,62.0,9158.0,57985000.0,1
9.7,CleanTech,Hyderabad,1,45,1,25,20,227180000.0,9,3,4946000.0,8052000.0,2775000.0,46352300000.0,8224,-1.5,57.9,3341.0,37385000.0,0
0.7,AI/ML,Kolkata,2,18,8,12,6,0.0,0,0,1553000.0,4015000.0,2234000.0,75220500000.0,3156,-10.0,68.3,2679.0,15232000.0,0
10.1,AI/ML,Chennai,2,84,19,41,43,0.0,0,0,8697000.0,12869000.0,4414000.0,57559800000.0,15478,31.0,55.3,23313.0,78185000.0,1
3.1,SaaS,Delhi,1,31,17,14,17,25770000.0,1,1,2578000.0,3524000.0,1269000.0,5032900000.0,2015,8.9,69.9,4871.0,28054000.0,1
14.4,E-commerce,Pune,1,109,17,69,40,73120000.0,8,4,11095000.0,15729000.0,5488000.0,30330000000.0,24451,33.3,87.5,8432.0,163995000.0,1
2.7,Healthcare,Chennai,3,23,11,13,10,0.0,0,0,1659000.0,5699000.0,2579000.0,6907500000.0,3986,46.7,45.1,13299.0,13428000.0,0
6.5,Fintech,Bangalore,2,48,2,27,21,11560000.0,1,1,4922000.0,5966000.0,2717000.0,68912300000.0,10343,-10.0,71.7,8794.0,46754000.0,1
1.7,FoodTech,Hyderabad,3,26,6,12,14,87330000.0,2,2,3815000.0,4853000.0,3210000.0,49751900000.0,4714,22.7,70.5,21773.0,45248000.0,1
15.0,EdTech,Pune,3,98,22,40,58,164650000.0,8,4,7354000.0,13472000.0,5224000.0,76512700000.0,6677,23.5,80.0,22533.0,97809000.0,1
7.8,AI/ML,Hyderabad,1,51,14,27,24,166080000.0,3,3,7042000.0,7022000.0,2823000.0,1629500000.0,11897,34.4,70.1,8251.0,86053000.0,1
9.1,FoodTech,Bangalore,4,79,3,34,45,118260000.0,2,2,12058000.0,8274000.0,3429000.0,33875800000.0,17103,6.3,86.1,2437.0,165975000.0,1
1.5,FoodTech,Pune,3,30,12,21,9,28800000.0,2,1,2365000.0,5253000.0,1805000.0,8393900000.0,2635,19.2,91.9,5372.0,33751000.0,1
11.4,Technology,Bangalore,4,53,4,21,32,0.0,0,0,6586000.0,7979000.0,4097000.0,28071500000.0,9545,34.1,87.2,11939.0,95772000.0,1
3.5,E-commerce,Mumbai,2,38,12,20,18,0.0,0,0,5585000.0,5564000.0,1386000.0,12992900000.0,9507,27.6,62.5,7319.0,63500000.0,1
13.5,EdTech,Bangalore,1,69,13,28,41,11020000.0,2,1,4873000.0,6977000.0,2553000.0,26337100000.0,4655,52.3,98.0,11419.0,89820000.0,1
3.5,Fintech,Kolkata,2,20,2,8,12,19050000.0,2,2,1343000.0,1957000.0,562000.0,65550000000.0,911,-1.1,56.7,19004.0,10073000.0,0
3.3,CleanTech,Kolkata,2,22,2,13,9,0.0,0,0,1731000.0,4140000.0,1962000.0,12897900000.0,4912,22.6,82.8,10603.0,23529000.0,1
1.0,Technology,Hyderabad,1,44,15,27,17,0.0,0,0,4170000.0,6794000.0,3395000.0,37919500000.0,9822,16.1,89.0,5045.0,61927000.0,1
7.3,FoodTech,Delhi,2,58,23,23,35,76370000.0,6,2,9367000.0,10341000.0,4391000.0,73730600000.0,14326,13.5,98.0,9045.0,155817000.0,1
8.7,FoodTech,Bangalore,1,65,17,26,39,116030000.0,2,2,5752000.0,7927000.0,2552000.0,79902400000.0,10543,30.9,87.0,18613.0,89982000.0,1
1.5,Logistics,Chennai,4,19,7,8,11,241560000.0,6,3,3385000.0,5891000.0,3292000.0,20088800000.0,2789,20.5,62.2,10688.0,33724000.0,0
11.7,EdTech,Kolkata,2,62,14,41,21,24730000.0,6,2,4619000.0,7618000.0,1509000.0,74848700000.0,9139,-5.5,85.7,6351.0,57617000.0,1
7.1,EdTech,Other,1,84,12,50,34,81620000.0,6,2,14474000.0,13557000.0,7968000.0,20948000000.0,23239,39.0,71.0,10771.0,168056000.0,1
8.1,Logistics,Delhi,3,59,17,24,35,76040000.0,8,4,5648000.0,6825000.0,2374000.0,33111600000.0,13495,31.0,88.3,11452.0,85535000.0,1
6.9,EdTech,Mumbai,2,79,14,45,34,85110000.0,2,2,8508000.0,11965000.0,4503000.0,70240000000.0,12919,50.4,75.6,7515.0,119230000.0,1
6.3,FoodTech,Pune,4,33,6,21,12,29710000.0,6,2,2337000.0,5480000.0,1768000.0,62904800000.0,4986,34.0,92.9,24893.0,38609000.0,1
8.6,AI/ML,Pune,1,51,19,35,16,241250000.0,9,3,5775000.0,6454000.0,1990000.0,68606100000.0,11569,13.3,73.3,19226.0,60940000.0,0
2.8,Healthcare,Kolkata,2,59,24,42,17,107710000.0,6,2,5059000.0,7716000.0,3039000.0,64030500000.0,10197,13.5,86.0,17358.0,66889000.0,1
3.1,FoodTech,Delhi,2,34,6,17,17,0.0,0,0,2087000.0,4293000.0,1121000.0,18843100000.0,2899,40.8,64.2,21393.0,23553000.0,1
13.0,Technology,Kolkata,2,69,18,30,39,0.0,0,0,4519000.0,7561000.0,2450000.0,44725700000.0,5031,1.1,89.5,16711.0,62947000.0,0
14.2,E-commerce,Pune,4,80,24,38,42,173950000.0,6,3,9847000.0,11076000.0,2867000.0,30850800000.0,17167,-1.9,42.8,19806.0,60702000.0,1
5.9,Logistics,Other,1,51,5,34,17,69160000.0,2,2,5988000.0,9739000.0,3951000.0,36803900000.0,15641,22.8,82.8,10401.0,89059000.0,0
4.4,Fintech,Bangalore,3,45,24,33,12,80370000.0,6,2,4414000.0,7266000.0,3068000.0,12358800000.0,4474,-10.0,78.0,12584.0,46935000.0,1
9.8,CleanTech,Delhi,3,75,24,42,33,183130000.0,6,3,8539000.0,7735000.0,2275000.0,25295600000.0,11426,25.7,75.0,1318.0,105071000.0,1
6.4,Fintech,Hyderabad,3,36,6,18,18,0.0,0,0,3240000.0,5939000.0,2275000.0,68618900000.0,3345,28.3,42.6,7124.0,21573000.0,1
0.9,FoodTech,Bangalore,1,12,2,6,6,0.0,0,0,1142000.0,3294000.0,2042000.0,71809800000.0,1209,12.6,66.0,9295.0,11830000.0,1
2.8,Technology,Bangalore,3,87,8,44,43,269930000.0,8,4,12106000.0,11591000.0,4165000.0,48831700000.0,16744,49.0,89.8,15693.0,201896000.0,1
10.9,FoodTech,Bangalore,4,59,15,28,31,103560000.0,2,2,5633000.0,6154000.0,2844000.0,39886500000.0,8401,42.8,61.1,11686.0,62082000.0,1
10.1,E-commerce,Hyderabad,1,62,15,37,25,120510000.0,2,2,5891000.0,9144000.0,2047000.0,57041500000.0,11717,0.9,52.4,15255.0,43948000.0,0
0.9,AI/ML,Other,2,40,11,16,24,0.0,0,0,4088000.0,6541000.0,2896000.0,48727800000.0,8100,32.4,57.9,17876.0,43178000.0,0
3.7,CleanTech,Mumbai,4,36,22,17,19,0.0,0,0,4524000.0,7583000.0,3933000.0,78694800000.0,10696,39.7,89.6,1212.0,74789000.0,1
3.9,E-commerce,Other,2,41,22,25,16,93820000.0,2,2,4209000.0,6870000.0,3691000.0,15247600000.0,9438,19.8,79.3,6568.0,53054000.0,1
10.2,Logistics,Other,3,74,24,30,44,450000000.0,6,6,7887000.0,11687000.0,3672000.0,35951100000.0,5371,8.5,92.8,4397.0,126160000.0,1
0.8,Logistics,Other,4,13,1,5,8,0.0,0,0,825000.0,2014000.0,443000.0,73463300000.0,802,-6.4,82.7,4808.0,9484000.0,0
2.0,FoodTech,Chennai,1,31,18,15,16,217670000.0,4,4,3725000.0,6604000.0,2958000.0,73183200000.0,7473,5.7,60.8,12653.0,34917000.0,1
12.1,Technology,Kolkata,4,64,12,45,19,6870000.0,3,1,7735000.0,8583000.0,4639000.0,39653000000.0,12773,-5.9,98.0,18538.0,110840000.0,1
3.1,E-commerce,Pune,2,35,12,23,12,98530000.0,4,2,3163000.0,5507000.0,1963000.0,10828000000.0,6682,38.1,64.4,6929.0,34015000.0,1
10.0,SaaS,Kolkata,1,63,11,25,38,116520000.0,4,2,4690000.0,6481000.0,834000.0,65205900000.0,4771,12.4,61.3,20638.0,45999000.0,1
4.0,Technology,Delhi,4,38,8,21,17,0.0,0,0,3694000.0,6019000.0,2525000.0,46834000000.0,11254,29.5,76.4,22328.0,47730000.0,1
1.9,AI/ML,Other,4,14,7,6,8,0.0,0,0,1125000.0,2445000.0,651000.0,61864600000.0,1804,45.7,78.7,8861.0,16248000.0,1
4.0,Logistics,Mumbai,4,49,23,30,19,112240000.0,2,2,3905000.0,7247000.0,2549000.0,37028800000.0,2853,22.7,84.6,17082.0,54615000.0,1
11.0,FoodTech,Delhi,4,106,21,69,37,65030000.0,6,3,12370000.0,10485000.0,3927000.0,16350500000.0,35706,43.9,68.2,3059.0,156492000.0,1
12.9,EdTech,Kolkata,1,64,2,44,20,229370000.0,6,3,6007000.0,8064000.0,3792000.0,1968000000.0,14815,10.3,92.6,18639.0,89115000.0,1
12.5,Logistics,Pune,2,77,11,43,34,58370000.0,4,2,6334000.0,7305000.0,2002000.0,44753100000.0,18081,26.5,63.8,4251.0,64708000.0,1
6.3,CleanTech,Hyderabad,4,55,22,41,14,157370000.0,9,3,4423000.0,7683000.0,2379000.0,12925600000.0,3176,22.5,57.5,17232.0,41346000.0,1
10.2,Healthcare,Kolkata,1,77,10,57,20,150630000.0,9,3,7398000.0,10530000.0,3707000.0,15011600000.0,11926,2.6,45.5,10634.0,48061000.0,0
3.5,EdTech,Bangalore,2,56,3,39,17,169630000.0,9,3,5801000.0,7718000.0,3365000.0,34932600000.0,11038,11.2,69.6,23222.0,68450000.0,1
4.8,FoodTech,Kolkata,4,38,20,22,16,240320000.0,3,3,7094000.0,6891000.0,4152000.0,35394100000.0,11301,49.1,84.5,11692.0,113172000.0,1
13.5,SaaS,Bangalore,2,70,10,37,33,450000000.0,6,6,8783000.0,10635000.0,3167000.0,21987200000.0,10736,10.4,82.9,918.0,115778000.0,1
0.7,EdTech,Hyderabad,2,24,18,12,12,0.0,0,0,2668000.0,2004000.0,688000.0,10597200000.0,5188,-10.0,77.2,12095.0,30219000.0,1
1.7,CleanTech,Kolkata,1,25,14,10,15,77640000.0,3,3,2470000.0,3954000.0,2005000.0,75599000000.0,2522,10.4,66.1,19918.0,25495000.0,1
3.5,Technology,Mumbai,2,30,18,14,16,52250000.0,6,2,2341000.0,3971000.0,1617000.0,10574700000.0,1662,1.4,90.2,16230.0,32053000.0,1
0.9,SaaS,Mumbai,1,47,24,30,17,68370000.0,2,2,5756000.0,7033000.0,2317000.0,28094300000.0,6610,28.0,73.8,24163.0,69595000.0,1
3.1,Logistics,Delhi,4,19,8,11,8,0.0,0,0,1271000.0,2664000.0,1002000.0,24424200000.0,4471,31.5,78.2,21105.0,16601000.0,1
9.0,SaaS,Hyderabad,2,55,10,39,16,20630000.0,3,1,4726000.0,6264000.0,1132000.0,69313700000.0,13489,25.9,56.3,13235.0,46021000.0,1
6.6,E-commerce,Other,2,60,22,25,35,247970000.0,6,3,6429000.0,8083000.0,2448000.0,32834500000.0,12758,9.0,46.6,5282.0,43297000.0,1
13.4,CleanTech,Mumbai,3,67,13,30,37,34520000.0,2,1,5983000.0,6249000.0,2176000.0,9967300000.0,5054,19.3,84.8,244.0,80610000.0,1
12.4,EdTech,Kolkata,4,101,21,68,33,79940000.0,2,2,15806000.0,11616000.0,4330000.0,870400000.0,25344,11.1,98.0,24515.0,242162000.0,1
5.5,E-commerce,Hyderabad,4,55,8,28,27,0.0,0,0,4969000.0,7643000.0,3302000.0,57769900000.0,4899,-10.0,78.9,23467.0,52411000.0,1
4.3,SaaS,Pune,3,29,4,12,17,121800000.0,2,2,2843000.0,4872000.0,2174000.0,57174400000.0,2816,15.5,84.8,6962.0,40108000.0,1
6.0,E-commerce,Bangalore,3,35,4,26,9,30490000.0,1,1,6075000.0,6310000.0,2953000.0,33451800000.0,10412,76.0,84.5,16010.0,105334000.0,1
9.1,Fintech,Kolkata,1,44,5,29,15,24710000.0,1,1,2951000.0,6535000.0,2104000.0,10148300000.0,3546,-4.6,73.7,18272.0,32580000.0,0
4.4,CleanTech,Bangalore,1,38,1,20,18,105700000.0,2,2,4144000.0,5969000.0,2778000.0,29762100000.0,5016,-10.0,50.9,14514.0,29409000.0,1
9.6,AI/ML,Bangalore,2,54,17,37,17,7480000.0,3,1,7079000.0,7926000.0,2805000.0,47211100000.0,10116,49.3,83.0,21098.0,111841000.0,1
6.4,Technology,Other,2,44,2,28,16,173710000.0,6,3,5035000.0,7898000.0,3667000.0,56330200000.0,4993,27.9,94.1,2084.0,81021000.0,1
8.5,SaaS,Hyderabad,2,68,8,46,22,40030000.0,4,2,5327000.0,6280000.0,1575000.0,6305300000.0,8585,24.6,80.3,22428.0,73897000.0,1
6.8,CleanTech,Hyderabad,2,36,7,24,12,102850000.0,12,4,4172000.0,6228000.0,2930000.0,44526800000.0,5142,10.1,69.8,9892.0,47848000.0,1
4.8,AI/ML,Delhi,1,61,15,26,35,110690000.0,6,2,5300000.0,8415000.0,2956000.0,22126100000.0,8455,23.0,79.0,12095.0,68041000.0,1
14.3,AI/ML,Bangalore,4,61,5,37,24,0.0,0,0,4166000.0,8870000.0,2483000.0,49400400000.0,8727,19.1,72.2,11202.0,47151000.0,1
11.6,FoodTech,Delhi,2,84,2,33,51,0.0,0,0,12020000.0,14449000.0,5713000.0,51868800000.0,23976,46.8,91.5,13352.0,193680000.0,1
2.5,E-commerce,Other,4,17,7,7,10,0.0,0,0,1169000.0,2782000.0,512000.0,72852800000.0,1770,38.2,76.3,15014.0,15714000.0,1
13.1,AI/ML,Bangalore,2,74,8,53,21,119090000.0,4,2,5999000.0,9220000.0,3188000.0,32859800000.0,16679,31.2,83.4,17802.0,77415000.0,1
7.6,Fintech,Delhi,3,40,7,23,17,107480000.0,2,2,4647000.0,6395000.0,3273000.0,43030400000.0,7515,3.0,89.2,13195.0,60527000.0,1
13.5,CleanTech,Delhi,2,86,7,56,30,0.0,0,0,10759000.0,12019000.0,4394000.0,21493800000.0,22048,23.0,83.5,17167.0,144967000.0,0
12.1,Healthcare,Pune,2,70,14,48,22,119770000.0,4,2,5351000.0,9290000.0,2641000.0,22960200000.0,15942,4.5,74.3,8557.0,59185000.0,1
6.7,Healthcare,Delhi,2,45,21,32,13,403930000.0,6,6,4800000.0,7459000.0,2626000.0,3730400000.0,4784,45.0,52.3,23427.0,46713000.0,1
0.8,SaaS,Hyderabad,1,30,18,21,9,313600000.0,4,4,4119000.0,3827000.0,1860000.0,22921200000.0,2118,2.3,79.6,1754.0,46737000.0,0
4.4,Logistics,Delhi,3,30,6,17,13,319880000.0,12,4,3746000.0,4305000.0,1053000.0,5153100000.0,5834,15.0,86.4,13707.0,48652000.0,0
8.4,E-commerce,Bangalore,2,53,4,27,26,0.0,0,0,5559000.0,8591000.0,2349000.0,77115100000.0,9922,-5.9,50.9,2322.0,36661000.0,1
9.7,Logistics,Delhi,2,78,10,35,43,109870000.0,6,2,8329000.0,9370000.0,4220000.0,49959800000.0,8111,7.0,79.3,11153.0,104382000.0,1
4.2,AI/ML,Mumbai,4,39,18,21,18,163110000.0,4,4,4484000.0,6060000.0,2332000.0,13893200000.0,6265,6.8,73.5,6551.0,49644000.0,1
2.5,CleanTech,Chennai,3,24,12,12,12,0.0,0,0,1823000.0,4910000.0,1948000.0,9385500000.0,5560,14.6,41.7,23432.0,11589000.0,0
12.6,SaaS,Bangalore,2,63,16,37,26,304610000.0,15,5,7375000.0,9099000.0,4305000.0,29641300000.0,12445,-1.8,78.1,475.0,92128000.0,1
14.8,EdTech,Mumbai,4,77,7,48,29,20770000.0,3,1,9766000.0,8984000.0,2537000.0,24646400000.0,19754,44.7,92.8,9871.0,165425000.0,1
8.1,AI/ML,Other,4,44,6,32,12,21640000.0,3,1,3623000.0,4830000.0,920000.0,22376400000.0,2833,13.9,73.8,19584.0,41294000.0,1
3.0,E-commerce,Bangalore,1,23,5,15,8,0.0,0,0,1688000.0,4429000.0,2137000.0,37482300000.0,1237,6.3,44.3,4833.0,10364000.0,0
4.4,Healthcare,Hyderabad,4,23,3,14,9,0.0,0,0,1486000.0,2950000.0,295000.0,73034300000.0,3772,34.9,78.4,20417.0,21618000.0,1
0.8,FoodTech,Chennai,2,21,12,10,11,0.0,0,0,1371000.0,3299000.0,1365000.0,45465600000.0,1585,65.6,88.8,21514.0,23816000.0,1
13.8,CleanTech,Chennai,1,129,15,53,76,80890000.0,6,2,13261000.0,12432000.0,5243000.0,41722500000.0,32351,9.1,61.5,17744.0,124456000.0,1
2.2,Technology,Hyderabad,1,22,10,11,11,0.0,0,0,1634000.0,4256000.0,721000.0,64533500000.0,1095,12.6,70.0,5345.0,18290000.0,1
8.9,Logistics,Chennai,2,65,20,43,22,62300000.0,6,2,4945000.0,6743000.0,1919000.0,371800000.0,3058,1.8,68.2,6910.0,49966000.0,1
4.5,SaaS,Hyderabad,3,55,19,25,30,119550000.0,2,2,4073000.0,6482000.0,2224000.0,15831000000.0,5449,32.6,74.7,4298.0,53369000.0,1
8.5,Logistics,Mumbai,4,67,16,43,24,48530000.0,6,3,9407000.0,8598000.0,4479000.0,39720100000.0,15987,39.0,67.8,4724.0,104486000.0,1
9.9,CleanTech,Other,1,54,11,32,22,163820000.0,6,3,6467000.0,7240000.0,3357000.0,56439500000.0,9712,17.0,91.9,1057.0,94668000.0,1
12.5,Logistics,Pune,3,70,8,32,38,272930000.0,4,4,10393000.0,8213000.0,2379000.0,38828000000.0,13543,8.4,91.5,21454.0,142545000.0,1
3.5,CleanTech,Bangalore,2,47,3,23,24,21200000.0,6,2,5366000.0,6782000.0,2579000.0,13139100000.0,13877,29.7,64.5,13283.0,58643000.0,1
0.7,Logistics,Hyderabad,4,21,23,12,9,142320000.0,12,4,2750000.0,5369000.0,2145000.0,74402100000.0,3822,34.3,91.8,8295.0,42398000.0,1
2.5,Fintech,Bangalore,4,24,7,13,11,0.0,0,0,1748000.0,6149000.0,2698000.0,26326800000.0,1797,52.2,49.9,7346.0,15634000.0,0
13.6,EdTech,Other,1,76,23,51,25,74290000.0,2,2,9627000.0,10830000.0,4819000.0,63067800000.0,16017,5.2,61.6,13686.0,88386000.0,0
13.2,AI/ML,Mumbai,4,65,7,42,23,63000000.0,6,2,9916000.0,8654000.0,4281000.0,71318500000.0,18718,36.8,81.7,8268.0,142924000.0,1
9.2,AI/ML,Pune,4,56,14,33,23,60820000.0,4,2,4662000.0,8172000.0,3117000.0,27748600000.0,3400,20.3,74.2,21613.0,55737000.0,1
9.2,E-commerce,Other,4,58,2,39,19,31640000.0,3,1,4243000.0,6329000.0,1931000.0,67632700000.0,4750,-10.0,75.0,5392.0,43433000.0,1
10.1,Technology,Mumbai,4,49,10,29,20,55750000.0,6,2,7112000.0,6651000.0,2518000.0,56876400000.0,14982,51.5,78.3,22075.0,104356000.0,1
3.0,Technology,Chennai,2,37,19,27,10,107160000.0,4,2,3552000.0,3939000.0,1829000.0,72347300000.0,5481,24.5,66.2,16653.0,42864000.0,1
13.8,E-commerce,Bangalore,3,74,9,35,39,14280000.0,2,1,9060000.0,8737000.0,2926000.0,20142300000.0,13530,31.3,90.5,23922.0,138693000.0,1
6.6,FoodTech,Kolkata,2,49,16,31,18,72940000.0,6,2,3829000.0,5289000.0,1474000.0,74505600000.0,14477,38.8,82.7,525.0,58286000.0,1
6.1,AI/ML,Pune,2,59,19,31,28,0.0,0,0,3677000.0,7274000.0,2244000.0,5271300000.0,4630,31.1,71.6,1619.0,42175000.0,1
8.0,FoodTech,Chennai,1,53,18,26,27,0.0,0,0,3686000.0,7031000.0,1362000.0,63504000000.0,9339,-3.3,86.0,12597.0,45437000.0,1
1.2,CleanTech,Other,4,55,9,25,30,195640000.0,6,3,4856000.0,6875000.0,2426000.0,34881400000.0,6219,32.8,79.4,22823.0,69516000.0,1
2.9,CleanTech,Pune,2,34,16,20,14,72790000.0,2,2,2473000.0,6534000.0,2099000.0,14272300000.0,2329,28.9,69.6,18310.0,29446000.0,0
11.2,Healthcare,Chennai,4,67,13,31,36,20120000.0,4,2,4580000.0,6771000.0,2167000.0,6398300000.0,10801,-10.0,69.0,15610.0,43626000.0,1
1.7,Logistics,Mumbai,2,40,10,18,22,67690000.0,2,2,3277000.0,4462000.0,742000.0,31194300000.0,4052,54.7,57.0,935.0,36284000.0,1
9.2,Technology,Hyderabad,2,57,20,42,15,84930000.0,3,3,4502000.0,8977000.0,3682000.0,31176400000.0,12310,9.7,64.5,8951.0,43127000.0,1
4.1,Healthcare,Bangalore,1,28,14,19,9,60590000.0,6,2,3030000.0,4621000.0,1514000.0,18435100000.0,3234,39.9,70.5,8744.0,37894000.0,1
6.1,EdTech,Delhi,3,52,12,34,18,0.0,0,0,3223000.0,8358000.0,3114000.0,17280500000.0,2886,10.6,74.2,13621.0,39092000.0,1
4.7,E-commerce,Delhi,3,43,19,29,14,97810000.0,4,2,4083000.0,6046000.0,1873000.0,31991200000.0,2781,6.3,60.3,6557.0,38722000.0,1
5.7,E-commerce,Mumbai,2,62,7,45,17,12260000.0,2,1,9253000.0,9885000.0,3377000.0,32838600000.0,15622,16.3,73.6,6789.0,121256000.0,1
10.9,CleanTech,Other,1,122,23,73,49,34550000.0,1,1,9749000.0,16447000.0,5620000.0,35417100000.0,23690,64.7,65.5,15578.0,120918000.0,1
4.8,AI/ML,Bangalore,4,38,15,18,20,32100000.0,3,1,2712000.0,6674000.0,2577000.0,69507300000.0,6381,62.3,63.1,23623.0,33807000.0,1
8.7,FoodTech,Other,4,55,16,38,17,72640000.0,4,2,4128000.0,7468000.0,1296000.0,48919800000.0,8361,6.2,80.3,16555.0,52925000.0,1
7.4,Technology,Bangalore,2,43,8,28,15,20900000.0,3,1,5174000.0,4846000.0,2259000.0,1683600000.0,10811,45.4,75.5,16753.0,69999000.0,1
10.1,Healthcare,Mumbai,3,54,10,29,25,388480000.0,12,4,5936000.0,6851000.0,1897000.0,41552000000.0,3058,18.5,71.2,24657.0,65902000.0,1
14.1,FoodTech,Bangalore,1,82,4,46,36,83870000.0,2,2,9495000.0,10415000.0,4832000.0,61008000000.0,30444,62.4,80.2,3964.0,151811000.0,1
11.1,Healthcare,Hyderabad,3,80,19,43,37,255860000.0,8,4,9658000.0,13341000.0,4934000.0,4560300000.0,27679,43.4,55.1,991.0,92972000.0,1
3.6,Logistics,Other,4,39,19,28,11,198490000.0,9,3,4689000.0,4633000.0,2203000.0,33837500000.0,6177,24.1,56.2,18676.0,45324000.0,1
1.0,EdTech,Mumbai,3,21,21,10,11,0.0,0,0,1683000.0,3763000.0,1172000.0,36124300000.0,3186,19.8,67.4,11054.0,18891000.0,1
4.3,EdTech,Hyderabad,4,34,15,25,9,0.0,0,0,5798000.0,7674000.0,3580000.0,76323900000.0,10029,31.4,70.6,10806.0,70441000.0,1
9.1,FoodTech,Bangalore,1,52,14,37,15,72930000.0,4,2,4897000.0,5797000.0,2953000.0,38080900000.0,8703,28.6,82.7,5749.0,71866000.0,1
1.2,FoodTech,Mumbai,1,30,1,18,12,80460000.0,6,2,2818000.0,5208000.0,1907000.0,60004500000.0,6178,-6.3,63.2,12746.0,26431000.0,1
7.7,FoodTech,Bangalore,2,44,16,26,18,55620000.0,3,3,3095000.0,5240000.0,2189000.0,24267000000.0,2478,22.6,63.5,11138.0,33450000.0,0
9.2,Healthcare,Other,2,69,10,36,33,103210000.0,3,3,7295000.0,7505000.0,3801000.0,62355600000.0,10219,3.7,87.2,8734.0,98482000.0,1
5.3,Logistics,Mumbai,3,52,19,21,31,128610000.0,9,3,5630000.0,9453000.0,3455000.0,25846900000.0,13266,6.3,56.8,11152.0,49542000.0,1
11.7,Fintech,Bangalore,1,84,22,37,47,315590000.0,10,5,7595000.0,9209000.0,4738000.0,34430400000.0,11142,42.5,86.2,9688.0,115538000.0,1
2.0,FoodTech,Other,1,18,3,11,7,0.0,0,0,1336000.0,3505000.0,1282000.0,38384600000.0,2114,22.5,72.1,23506.0,15899000.0,1
1.6,AI/ML,Hyderabad,2,27,5,15,12,0.0,0,0,2291000.0,4654000.0,1992000.0,74112700000.0,5025,8.0,61.1,24509.0,22460000.0,0
11.1,Technology,Kolkata,4,65,9,29,36,36440000.0,6,2,7644000.0,10715000.0,3742000.0,4323600000.0,13916,-8.7,56.7,21022.0,64267000.0,1
7.7,Technology,Hyderabad,3,67,18,32,35,78270000.0,6,2,4866000.0,8113000.0,1466000.0,15789500000.0,5525,0.9,69.4,24762.0,52313000.0,0
10.5,Healthcare,Bangalore,3,59,11,43,16,81660000.0,2,2,8726000.0,9921000.0,5146000.0,56474100000.0,16080,16.7,81.1,6753.0,130605000.0,1
6.8,FoodTech,Mumbai,2,49,16,25,24,62480000.0,9,3,5056000.0,8443000.0,2482000.0,46227300000.0,13621,55.1,71.8,21097.0,66688000.0,1
4.1,CleanTech,Delhi,1,33,2,23,10,5070000.0,3,1,3585000.0,5312000.0,2921000.0,20159900000.0,7783,-5.1,84.8,10255.0,41714000.0,1
12.4,E-commerce,Hyderabad,2,60,12,30,30,394440000.0,4,4,9456000.0,11062000.0,5380000.0,23171600000.0,14540,24.5,84.4,18691.0,130977000.0,1
12.1,Fintech,Hyderabad,2,74,22,43,31,53380000.0,3,3,8506000.0,9282000.0,3233000.0,29416400000.0,16938,27.0,83.3,5155.0,117682000.0,1
10.6,AI/ML,Other,2,100,6,40,60,111210000.0,6,2,14815000.0,15477000.0,8000000.0,36055200000.0,30592,44.9,83.9,20327.0,227376000.0,1
4.4,Logistics,Chennai,2,26,11,15,11,16980000.0,3,1,1980000.0,3465000.0,685000.0,65451300000.0,2409,20.7,64.5,2224.0,20691000.0,1
9.1,CleanTech,Delhi,4,48,8,29,19,24590000.0,1,1,8617000.0,7222000.0,2032000.0,1154500000.0,14548,27.0,82.9,6873.0,123325000.0,0
5.7,EdTech,Bangalore,4,38,12,18,20,36800000.0,2,2,3248000.0,6409000.0,2998000.0,71846700000.0,4091,44.0,98.0,20576.0,55953000.0,1
1.8,CleanTech,Kolkata,1,23,2,13,10,0.0,0,0,1526000.0,3129000.0,1037000.0,33071500000.0,1053,0.9,85.7,18717.0,20137000.0,1
13.8,Healthcare,Mumbai,2,64,9,40,24,36240000.0,6,2,6108000.0,7389000.0,3973000.0,18478300000.0,16165,35.4,66.6,12606.0,66300000.0,1
2.5,Fintech,Chennai,4,36,15,23,13,0.0,0,0,2240000.0,4688000.0,2074000.0,40697600000.0,2551,-10.0,63.9,16869.0,20498000.0,0
14.3,SaaS,Bangalore,1,60,2,40,20,87710000.0,3,3,8018000.0,9066000.0,4144000.0,52790600000.0,14280,19.4,73.6,4762.0,92995000.0,1
7.0,SaaS,Pune,2,30,1,15,15,104900000.0,2,2,3137000.0,2843000.0,1053000.0,3627900000.0,7003,12.8,82.8,16744.0,40640000.0,1
3.2,FoodTech,Kolkata,3,40,10,23,17,0.0,0,0,3807000.0,5551000.0,2239000.0,57276400000.0,3663,2.1,74.5,348.0,39041000.0,1
8.4,FoodTech,Hyderabad,4,41,2,30,11,0.0,0,0,2779000.0,5208000.0,1428000.0,60872900000.0,3327,39.4,56.5,20855.0,28917000.0,1
13.2,Healthcare,Pune,1,119,12,85,34,172440000.0,4,4,13318000.0,14383000.0,3554000.0,13336300000.0,24289,40.6,82.6,12980.0,192616000.0,1
11.1,Logistics,Hyderabad,3,63,23,46,17,98220000.0,6,2,10303000.0,9142000.0,3339000.0,13472100000.0,20231,41.5,85.1,23605.0,155506000.0,1
12.2,FoodTech,Hyderabad,2,64,8,34,30,226530000.0,6,3,11143000.0,10384000.0,6312000.0,16342600000.0,17629,26.4,59.7,12032.0,113963000.0,1
10.1,E-commerce,Pune,2,46,5,31,15,287630000.0,4,4,4401000.0,4990000.0,1550000.0,63740500000.0,2700,-9.1,85.5,10912.0,52523000.0,1
10.5,Fintech,Kolkata,2,66,22,40,26,450000000.0,5,5,13207000.0,10436000.0,5005000.0,21796600000.0,17741,10.8,73.7,11334.0,149845000.0,1
12.8,Healthcare,Other,4,146,1,62,84,199970000.0,4,4,16867000.0,19782000.0,5736000.0,63685100000.0,19519,40.1,78.8,9089.0,220443000.0,1
4.1,Technology,Pune,1,61,15,41,20,0.0,0,0,7389000.0,8265000.0,2312000.0,43264900000.0,9668,39.8,79.1,4292.0,102176000.0,1
7.6,EdTech,Bangalore,3,35,6,22,13,0.0,0,0,3336000.0,4403000.0,1220000.0,61385300000.0,3601,44.3,76.0,21075.0,48184000.0,1
3.7,Healthcare,Chennai,1,36,12,16,20,87390000.0,2,2,4490000.0,4858000.0,2452000.0,44316200000.0,5365,24.9,66.4,9819.0,50344000.0,1
14.8,Healthcare,Chennai,4,81,8,34,47,17230000.0,3,1,8880000.0,10914000.0,3838000.0,26894700000.0,16019,14.0,79.0,13298.0,105181000.0,1
14.2,SaaS,Pune,1,70,13,48,22,33740000.0,2,2,7506000.0,9548000.0,3007000.0,72861600000.0,9215,-10.0,72.6,644.0,79652000.0,1
1.1,AI/ML,Bangalore,4,21,19,8,13,0.0,0,0,2617000.0,2239000.0,541000.0,57237900000.0,6150,37.0,76.6,1647.0,36752000.0,1
10.7,Logistics,Other,2,78,1,33,45,379030000.0,10,5,10081000.0,9083000.0,3600000.0,38750200000.0,15777,15.8,68.2,14990.0,105365000.0,1
13.9,AI/ML,Chennai,3,116,11,63,53,156610000.0,5,5,10059000.0,9831000.0,3642000.0,51012400000.0,9998,-9.6,77.5,21999.0,110800000.0,1
3.1,E-commerce,Bangalore,2,100,20,44,56,36870000.0,9,3,14623000.0,11335000.0,3264000.0,49286700000.0,21171,34.8,72.0,12411.0,181312000.0,1
8.7,Technology,Other,1,58,1,41,17,234940000.0,6,3,4910000.0,7371000.0,2304000.0,28681400000.0,4627,49.2,58.0,4250.0,52473000.0,1
13.8,SaaS,Bangalore,2,77,8,43,34,102200000.0,3,3,10691000.0,11674000.0,4999000.0,33930600000.0,17098,37.1,79.5,3036.0,149384000.0,1
1.0,Technology,Hyderabad,3,14,5,8,6,40550000.0,6,2,1315000.0,3926000.0,1707000.0,25494600000.0,2265,32.8,87.1,22510.0,20132000.0,1
10.6,E-commerce,Chennai,2,58,17,42,16,25950000.0,1,1,4361000.0,7365000.0,2425000.0,79961500000.0,4873,38.5,77.7,17586.0,59357000.0,1
4.8,AI/ML,Other,3,26,8,15,11,30600000.0,2,1,1826000.0,3682000.0,1020000.0,46426200000.0,2446,-10.0,69.6,24160.0,19332000.0,1
13.9,Healthcare,Chennai,3,81,10,42,39,23970000.0,3,1,9320000.0,12041000.0,4677000.0,7409800000.0,28867,55.9,77.7,2196.0,126990000.0,1
14.6,FoodTech,Hyderabad,2,83,2,56,27,44000000.0,4,2,10598000.0,12613000.0,4902000.0,41552600000.0,13615,0.6,62.8,22580.0,94012000.0,1
14.2,FoodTech,Pune,4,90,9,49,41,374070000.0,12,4,10827000.0,10616000.0,4231000.0,4044500000.0,21188,2.5,83.2,21164.0,144689000.0,1
7.4,CleanTech,Hyderabad,1,85,24,43,42,146750000.0,9,3,8984000.0,12296000.0,5014000.0,23127700000.0,11548,7.6,84.5,22346.0,115623000.0,1
13.0,EdTech,Chennai,4,102,23,66,36,16440000.0,1,1,7899000.0,8651000.0,3496000.0,35704600000.0,27603,10.2,71.6,293.0,90926000.0,1
12.7,Logistics,Chennai,4,177,3,120,57,80580000.0,6,2,22460000.0,13943000.0,5028000.0,42764900000.0,30897,51.0,73.9,18586.0,304638000.0,1
5.1,E-commerce,Kolkata,2,38,18,25,13,187970000.0,9,3,6499000.0,7145000.0,4431000.0,78095700000.0,9827,30.0,58.0,13791.0,67246000.0,1
12.5,EdTech,Other,1,77,7,57,20,22810000.0,1,1,6087000.0,8729000.0,2675000.0,78578600000.0,8266,3.1,80.3,14394.0,75598000.0,1
1.0,Logistics,Pune,1,29,15,19,10,235580000.0,9,3,3204000.0,4139000.0,919000.0,7890600000.0,1921,6.4,69.0,11810.0,38342000.0,1
9.1,EdTech,Hyderabad,4,57,21,38,19,83020000.0,6,2,7678000.0,10627000.0,4593000.0,43073700000.0,21183,72.9,36.7,18606.0,56041000.0,1
3.8,AI/ML,Other,2,92,22,64,28,380230000.0,12,4,11347000.0,12270000.0,4034000.0,65377900000.0,23163,25.8,73.8,24996.0,137825000.0,1
2.2,Logistics,Mumbai,1,59,20,23,36,0.0,0,0,5094000.0,6375000.0,1591000.0,19055100000.0,13592,8.5,70.7,17807.0,59344000.0,1
1.6,AI/ML,Other,4,22,18,11,11,0.0,0,0,2128000.0,3383000.0,1373000.0,60057500000.0,2038,-10.0,58.1,17000.0,18434000.0,1
10.6,Healthcare,Mumbai,1,45,3,29,16,254260000.0,4,4,6458000.0,7423000.0,3905000.0,70295600000.0,7604,-10.0,85.9,16413.0,76854000.0,1
5.4,SaaS,Pune,2,57,23,34,23,26430000.0,4,2,4094000.0,7578000.0,2156000.0,53015900000.0,4588,-6.6,66.2,17426.0,41235000.0,1
11.0,AI/ML,Hyderabad,2,69,14,31,38,86010000.0,9,3,5950000.0,8988000.0,3397000.0,26249900000.0,3511,20.1,62.0,8651.0,60943000.0,1
1.4,FoodTech,Hyderabad,2,65,24,32,33,97460000.0,2,2,4818000.0,6934000.0,2654000.0,73854400000.0,20544,42.4,87.7,8107.0,75684000.0,1
5.1,EdTech,Bangalore,1,25,2,12,13,450000000.0,18,6,4656000.0,4289000.0,1809000.0,70687400000.0,4933,31.6,77.9,19641.0,63158000.0,1
8.3,CleanTech,Chennai,3,45,14,26,19,10000000.0,1,1,6487000.0,7313000.0,2975000.0,57280200000.0,15955,43.8,58.6,1469.0,70891000.0,1
12.0,Fintech,Delhi,1,70,22,48,22,18140000.0,2,1,4616000.0,9746000.0,3121000.0,29125300000.0,11031,30.4,72.1,19017.0,57190000.0,1
5.1,Logistics,Kolkata,3,29,11,21,8,112280000.0,12,4,2791000.0,4627000.0,2616000.0,63362100000.0,6358,-9.0,61.3,20374.0,24256000.0,0
9.6,E-commerce,Other,2,51,16,33,18,221610000.0,6,3,5424000.0,7964000.0,2940000.0,25322900000.0,10982,27.3,54.7,13112.0,55636000.0,1
13.3,CleanTech,Pune,4,96,8,66,30,100340000.0,8,4,11574000.0,10609000.0,3697000.0,20273600000.0,18175,28.3,53.7,22767.0,104869000.0,1
9.4,FoodTech,Delhi,3,49,7,27,22,85760000.0,4,2,5576000.0,6492000.0,3000000.0,41225300000.0,5857,15.4,81.9,11906.0,76976000.0,1
3.9,AI/ML,Other,2,32,11,17,15,23210000.0,1,1,3977000.0,4825000.0,1938000.0,79771000000.0,7597,11.3,61.2,4575.0,37247000.0,1
0.9,SaaS,Delhi,2,6,3,3,3,0.0,0,0,701000.0,1862000.0,770000.0,64355500000.0,1473,14.7,58.5,9131.0,6262000.0,1
13.1,Healthcare,Pune,3,70,17,43,27,96430000.0,3,3,6463000.0,10564000.0,3667000.0,58396900000.0,8035,-10.0,69.1,22661.0,67109000.0,1
0.8,Fintech,Hyderabad,4,38,14,16,22,0.0,0,0,3269000.0,5180000.0,2048000.0,36188400000.0,6591,-10.0,98.0,24844.0,45477000.0,1
13.2,Technology,Pune,2,71,6,42,29,101650000.0,6,2,10285000.0,10826000.0,5105000.0,24990400000.0,16534,73.9,78.8,10633.0,152021000.0,1
8.2,CleanTech,Other,3,60,8,37,23,27850000.0,3,1,6106000.0,5334000.0,2391000.0,68479300000.0,10606,-9.5,83.8,4296.0,72845000.0,1
14.1,SaaS,Delhi,4,82,22,45,37,196250000.0,9,3,7803000.0,11270000.0,4680000.0,45440200000.0,18359,-10.0,59.0,7265.0,67927000.0,1
12.1,Technology,Chennai,4,57,5,41,16,27490000.0,3,1,3932000.0,7661000.0,2471000.0,65069700000.0,5541,2.2,78.3,13899.0,45269000.0,1
15.0,Fintech,Kolkata,2,76,8,46,30,112970000.0,4,4,11774000.0,11490000.0,4783000.0,39045900000.0,16857,28.1,72.2,14367.0,138814000.0,1
5.6,E-commerce,Kolkata,1,29,2,13,16,0.0,0,0,1838000.0,4810000.0,1123000.0,60328900000.0,4525,30.3,62.4,15807.0,19727000.0,0
11.6,E-commerce,Chennai,1,85,15,48,37,107410000.0,6,2,10352000.0,9413000.0,2448000.0,69425900000.0,12594,-4.5,69.2,20909.0,99372000.0,1
6.3,EdTech,Chennai,2,40,12,25,15,104870000.0,6,2,3988000.0,4298000.0,1262000.0,31341600000.0,10740,20.1,63.3,17824.0,41903000.0,1
7.5,Fintech,Hyderabad,4,59,17,30,29,308470000.0,8,4,6977000.0,8424000.0,3345000.0,1134900000.0,7066,6.0,74.1,6632.0,83255000.0,1
9.6,Fintech,Other,2,41,1,17,24,281040000.0,12,4,4228000.0,5369000.0,2243000.0,20431400000.0,2765,22.2,69.2,9967.0,51021000.0,1
13.2,Technology,Mumbai,3,82,15,49,33,16010000.0,3,1,11574000.0,11635000.0,5764000.0,73197500000.0,18997,11.5,63.3,21019.0,111815000.0,1
14.8,SaaS,Pune,1,107,14,78,29,40820000.0,2,2,10481000.0,9649000.0,3918000.0,55019000000.0,17203,2.7,68.8,15890.0,118804000.0,1
11.6,Logistics,Kolkata,3,76,20,43,33,87160000.0,4,2,5730000.0,9728000.0,2276000.0,58990600000.0,10590,3.7,84.4,4285.0,75432000.0,1
6.6,Technology,Chennai,2,56,22,40,16,234010000.0,3,3,5000000.0,6537000.0,1326000.0,26056800000.0,3956,-10.0,56.1,8240.0,38502000.0,0
6.6,Healthcare,Pune,2,87,16,60,27,63060000.0,4,2,6345000.0,10144000.0,1654000.0,56116800000.0,5854,13.1,64.6,19809.0,63770000.0,1
11.2,E-commerce,Kolkata,4,66,9,29,37,0.0,0,0,6653000.0,8032000.0,2757000.0,51720300000.0,7563,16.3,76.8,4427.0,79941000.0,1
4.0,E-commerce,Chennai,4,21,1,13,8,0.0,0,0,2379000.0,3126000.0,737000.0,14311000000.0,3609,-10.0,63.8,17323.0,19300000.0,1
2.1,EdTech,Other,4,27,17,14,13,5710000.0,3,1,2911000.0,3494000.0,1412000.0,77496800000.0,3776,10.6,89.7,14154.0,43104000.0,1
5.6,Healthcare,Kolkata,3,51,13,24,27,148900000.0,9,3,4126000.0,5747000.0,1566000.0,28354300000.0,9157,12.4,88.2,3815.0,58080000.0,1
4.7,E-commerce,Hyderabad,4,55,21,35,20,420120000.0,8,4,6074000.0,7520000.0,2936000.0,26376500000.0,2832,-10.0,88.9,17269.0,79326000.0,1
4.8,Technology,Mumbai,2,41,21,27,14,450000000.0,10,5,5800000.0,6678000.0,2454000.0,29564500000.0,2728,1.0,81.2,3687.0,71250000.0,1
3.9,Healthcare,Mumbai,4,25,5,11,14,0.0,0,0,1837000.0,3490000.0,1095000.0,7383000000.0,1062,0.3,85.7,10051.0,22258000.0,1
1.1,Technology,Chennai,1,83,10,59,24,0.0,0,0,6109000.0,7931000.0,1774000.0,50015800000.0,18367,22.0,72.3,7818.0,73867000.0,1
0.8,Logistics,Kolkata,4,9,6,5,4,235770000.0,4,4,2064000.0,3176000.0,1211000.0,19128000000.0,1250,45.4,64.1,17297.0,24886000.0,1
14.8,Logistics,Hyderabad,3,86,24,62,24,250800000.0,6,3,13925000.0,11754000.0,5175000.0,64274900000.0,24874,19.0,64.9,19592.0,153760000.0,1
6.7,E-commerce,Bangalore,1,42,19,21,21,64120000.0,6,2,4185000.0,7147000.0,3761000.0,31562800000.0,6314,43.5,50.3,4333.0,40042000.0,1
6.1,E-commerce,Pune,1,60,13,43,17,0.0,0,0,3958000.0,7348000.0,1316000.0,36711800000.0,7896,13.1,67.1,20328.0,42285000.0,1
10.4,SaaS,Pune,1,43,1,22,21,97000000.0,2,2,3278000.0,4548000.0,1094000.0,51731400000.0,7520,26.2,67.9,329.0,33441000.0,1
3.7,Logistics,Delhi,3,47,20,19,28,51990000.0,2,2,5340000.0,6566000.0,1707000.0,60961600000.0,6010,19.5,69.6,13322.0,62454000.0,1
14.3,CleanTech,Hyderabad,2,70,15,46,24,69960000.0,6,2,7443000.0,8011000.0,2568000.0,18527700000.0,25350,71.1,98.0,12992.0,144685000.0,1
11.9,CleanTech,Kolkata,4,75,14,48,27,119420000.0,3,3,8195000.0,12657000.0,5380000.0,77305200000.0,19253,14.6,61.8,15652.0,89132000.0,1
1.8,EdTech,Other,1,41,8,24,17,0.0,0,0,3213000.0,4357000.0,1080000.0,49804600000.0,2345,35.2,68.9,6107.0,41511000.0,1
6.6,Logistics,Other,1,42,10,24,18,113450000.0,9,3,5647000.0,6378000.0,3167000.0,500800000.0,9131,22.5,98.0,395.0,94523000.0,1
13.2,Technology,Delhi,1,71,9,29,42,228800000.0,6,3,12643000.0,9715000.0,3495000.0,33279000000.0,18663,42.8,62.4,11451.0,132428000.0,1
14.2,Technology,Chennai,2,78,17,48,30,96040000.0,4,2,6423000.0,10849000.0,4299000.0,34973600000.0,24887,31.9,57.6,1924.0,59901000.0,1
7.3,FoodTech,Kolkata,2,41,9,22,19,96290000.0,9,3,4682000.0,7428000.0,2530000.0,64742700000.0,6060,25.5,69.3,22321.0,55477000.0,1
9.4,Healthcare,Delhi,3,64,3,38,26,16040000.0,2,1,4145000.0,6346000.0,1188000.0,24445900000.0,4816,-7.1,62.3,4466.0,35082000.0,1
2.9,AI/ML,Mumbai,2,25,11,13,12,0.0,0,0,1553000.0,5515000.0,2014000.0,26531600000.0,3538,-5.2,87.3,10717.0,20547000.0,0
14.9,CleanTech,Pune,4,88,12,64,24,212010000.0,12,4,7094000.0,10653000.0,4611000.0,5686000000.0,12309,4.4,74.1,10935.0,83694000.0,1
3.9,E-commerce,Kolkata,3,27,10,16,11,69960000.0,2,2,3539000.0,5274000.0,2389000.0,22719500000.0,6215,11.6,56.7,13889.0,34433000.0,1
14.2,EdTech,Delhi,3,74,17,49,25,314600000.0,8,4,11651000.0,8506000.0,3311000.0,57371100000.0,20477,20.4,76.5,19596.0,152337000.0,1
9.9,AI/ML,Mumbai,4,59,17,42,17,19020000.0,3,1,4294000.0,4978000.0,941000.0,50798800000.0,3588,4.5,74.7,11883.0,48257000.0,1
9.3,Fintech,Hyderabad,4,59,11,35,24,130100000.0,8,4,4569000.0,8714000.0,2235000.0,6557500000.0,11564,-10.0,52.8,790.0,34411000.0,1
7.9,EdTech,Delhi,4,58,22,23,35,148950000.0,6,3,9103000.0,9070000.0,3533000.0,9219800000.0,18828,40.6,78.2,19312.0,122431000.0,1
3.8,Fintech,Chennai,3,38,4,15,23,113310000.0,6,3,3393000.0,6905000.0,2368000.0,30185200000.0,11367,27.8,79.0,2192.0,45690000.0,1
3.1,Logistics,Chennai,3,21,7,13,8,0.0,0,0,1609000.0,4350000.0,1871000.0,59513400000.0,5023,19.3,53.2,16093.0,12205000.0,1
3.7,Fintech,Chennai,3,31,21,15,16,14840000.0,1,1,3811000.0,5490000.0,1559000.0,66641800000.0,8839,45.6,55.0,20115.0,37334000.0,1
3.2,Fintech,Kolkata,4,46,14,27,19,63270000.0,4,2,3367000.0,5507000.0,1231000.0,1219200000.0,1989,0.3,67.1,7175.0,35111000.0,0
11.8,SaaS,Other,4,78,7,36,42,383150000.0,12,4,10656000.0,12451000.0,5512000.0,26354400000.0,20939,15.1,63.3,11310.0,111339000.0,1
5.6,SaaS,Other,1,42,24,20,22,94100000.0,4,2,4498000.0,4975000.0,1771000.0,33969700000.0,5808,21.5,80.3,506.0,61372000.0,1
1.3,SaaS,Pune,2,25,8,14,11,0.0,0,0,1601000.0,4669000.0,1483000.0,72895100000.0,1324,8.9,65.9,20126.0,15612000.0,1
14.6,Logistics,Delhi,1,66,1,48,18,66640000.0,4,2,7309000.0,11124000.0,3851000.0,40137500000.0,8405,0.5,69.5,17626.0,71676000.0,0
13.3,AI/ML,Hyderabad,4,96,24,59,37,0.0,0,0,11644000.0,13788000.0,4069000.0,21612600000.0,25538,37.2,57.2,5900.0,120100000.0,1
14.0,EdTech,Delhi,3,104,22,75,29,52990000.0,4,2,6908000.0,13629000.0,3435000.0,31234300000.0,17154,24.2,85.3,9847.0,94716000.0,1
14.9,EdTech,Pune,4,91,4,66,25,212370000.0,6,3,12656000.0,13204000.0,5763000.0,34942900000.0,23871,31.7,61.4,17429.0,125777000.0,1
3.0,E-commerce,Mumbai,2,44,12,20,24,201830000.0,8,4,4898000.0,7141000.0,2703000.0,53616200000.0,6460,-0.1,57.6,9050.0,42824000.0,1
6.2,SaaS,Pune,1,48,24,24,24,76310000.0,2,2,5180000.0,5419000.0,2676000.0,3335000000.0,6730,36.3,72.7,4186.0,65646000.0,1
11.5,Logistics,Chennai,1,73,3,48,25,80500000.0,6,3,6775000.0,9554000.0,2373000.0,31186700000.0,6289,4.3,87.0,13035.0,98216000.0,1
10.6,E-commerce,Kolkata,3,64,13,45,19,32480000.0,3,1,7821000.0,9730000.0,4619000.0,51742000000.0,10143,23.4,78.3,18131.0,102985000.0,1
2.7,Healthcare,Mumbai,1,27,20,15,12,396450000.0,8,4,4430000.0,5038000.0,2990000.0,22701600000.0,2073,61.6,64.1,8122.0,54785000.0,1
12.3,E-commerce,Kolkata,1,63,6,47,16,32670000.0,4,2,6455000.0,8998000.0,2297000.0,47360500000.0,11086,36.7,66.3,3176.0,72995000.0,1
3.8,AI/ML,Chennai,4,66,11,26,40,324060000.0,8,4,6622000.0,8918000.0,2064000.0,28614500000.0,4506,25.5,53.1,20764.0,61535000.0,1
3.7,CleanTech,Bangalore,1,66,23,33,33,88000000.0,4,4,4917000.0,10706000.0,3171000.0,60709700000.0,21852,47.7,98.0,6432.0,87721000.0,1
8.3,Fintech,Pune,1,38,4,23,15,165850000.0,9,3,5354000.0,5254000.0,1765000.0,4894800000.0,6448,5.5,93.7,12893.0,75724000.0,1
9.1,SaaS,Pune,1,72,20,40,32,36070000.0,4,2,4925000.0,8224000.0,2510000.0,73441100000.0,16290,28.8,76.0,17330.0,62908000.0,1
8.9,CleanTech,Hyderabad,3,72,16,31,41,32630000.0,6,2,6351000.0,8646000.0,1300000.0,13770400000.0,7225,-0.3,71.8,8029.0,67248000.0,1
1.8,E-commerce,Delhi,3,17,7,8,9,0.0,0,0,1107000.0,4528000.0,2075000.0,12725800000.0,1634,10.0,56.2,16269.0,9708000.0,0
13.2,Logistics,Mumbai,4,79,22,32,47,33230000.0,1,1,7758000.0,9972000.0,2275000.0,67259400000.0,22803,53.0,70.0,11574.0,109630000.0,1
4.4,Fintech,Other,1,45,11,28,17,362290000.0,12,4,5209000.0,7287000.0,1702000.0,69549200000.0,10101,24.0,84.5,14325.0,74826000.0,1
2.4,EdTech,Kolkata,3,37,24,26,11,88810000.0,8,4,2910000.0,4826000.0,1872000.0,7483200000.0,3625,49.0,82.2,14826.0,43524000.0,1
13.4,Technology,Mumbai,3,56,1,39,17,22980000.0,1,1,3730000.0,8239000.0,2379000.0,72702100000.0,5838,15.7,65.7,20630.0,39250000.0,0
14.4,Fintech,Hyderabad,4,81,7,52,29,86600000.0,3,3,9143000.0,11378000.0,4238000.0,21900200000.0,28025,44.9,83.2,16460.0,130785000.0,1
13.0,AI/ML,Hyderabad,2,97,12,54,43,12920000.0,3,1,8022000.0,8090000.0,2876000.0,49508800000.0,12000,19.1,88.2,6718.0,108011000.0,1
12.2,AI/ML,Kolkata,1,70,7,40,30,225590000.0,3,3,6073000.0,6870000.0,2303000.0,5534000000.0,3844,20.9,72.5,1631.0,74518000.0,1
10.0,E-commerce,Other,3,80,23,35,45,29350000.0,6,2,5879000.0,9204000.0,2126000.0,30483900000.0,5061,18.5,85.7,199.0,83998000.0,1
8.5,Healthcare,Delhi,4,46,7,23,23,417560000.0,15,5,7393000.0,6400000.0,3341000.0,36085400000.0,11748,25.9,95.1,22625.0,119251000.0,1
1.8,AI/ML,Kolkata,4,18,10,8,10,123090000.0,3,3,3087000.0,4154000.0,2463000.0,48006100000.0,4022,12.3,98.0,23561.0,50185000.0,1
6.4,AI/ML,Kolkata,4,53,16,36,17,130040000.0,8,4,5310000.0,5073000.0,1290000.0,42045500000.0,5732,-10.0,63.6,2489.0,48960000.0,1
5.9,Logistics,Chennai,3,35,8,25,10,134070000.0,9,3,2834000.0,6693000.0,1907000.0,36946400000.0,2960,17.2,78.2,12253.0,36972000.0,1
4.3,E-commerce,Other,1,53,9,31,22,115660000.0,2,2,4514000.0,5995000.0,2735000.0,76773200000.0,9265,20.9,81.8,3917.0,60430000.0,0
11.0,Fintech,Delhi,2,53,9,34,19,344960000.0,4,4,6242000.0,7306000.0,2738000.0,14842600000.0,8953,54.0,71.7,23726.0,75647000.0,1
7.7,Healthcare,Pune,1,40,2,17,23,31210000.0,6,2,4179000.0,5685000.0,2453000.0,12681600000.0,4267,-10.0,89.4,6284.0,55955000.0,1
1.7,CleanTech,Chennai,4,24,13,14,10,220230000.0,9,3,2699000.0,3933000.0,1190000.0,57087900000.0,3494,53.6,72.8,12616.0,35273000.0,1
3.7,Technology,Bangalore,4,66,13,42,24,239300000.0,9,3,6585000.0,7045000.0,1921000.0,6010400000.0,4954,41.1,69.9,4266.0,82665000.0,1
10.4,SaaS,Other,2,62,23,34,28,96150000.0,9,3,4673000.0,8128000.0,1574000.0,38657200000.0,17011,33.1,53.6,8419.0,41524000.0,1
1.6,EdTech,Delhi,1,24,23,11,13,52240000.0,4,2,2466000.0,3851000.0,1772000.0,38750000000.0,4948,21.4,48.3,6780.0,19915000.0,1
12.8,AI/ML,Hyderabad,4,58,4,41,17,63500000.0,6,3,7516000.0,8746000.0,4878000.0,24836500000.0,11936,-4.4,67.1,11964.0,80426000.0,1
7.7,E-commerce,Chennai,4,75,24,49,26,110890000.0,6,3,7646000.0,10767000.0,4234000.0,74439000000.0,17579,60.9,31.4,10582.0,48168000.0,1
7.5,SaaS,Delhi,1,43,12,30,13,305500000.0,8,4,6892000.0,6067000.0,1350000.0,22639300000.0,15412,45.2,89.4,8370.0,114027000.0,1
9.1,EdTech,Mumbai,4,54,17,37,17,0.0,0,0,9110000.0,8309000.0,4118000.0,23110900000.0,16147,23.5,84.4,2781.0,126730000.0,1
12.5,EdTech,Kolkata,1,53,2,39,14,18120000.0,6,2,3529000.0,8563000.0,3203000.0,18782300000.0,6395,24.3,81.7,12190.0,47474000.0,1
5.5,CleanTech,Bangalore,4,51,13,23,28,109500000.0,3,3,5167000.0,6340000.0,2163000.0,11705800000.0,7149,15.6,87.6,21278.0,71881000.0,1
10.3,CleanTech,Pune,1,56,18,24,32,64750000.0,2,2,5952000.0,5087000.0,2353000.0,29152700000.0,14541,31.1,68.1,18296.0,71583000.0,1
8.7,CleanTech,Kolkata,2,52,15,26,26,158880000.0,6,3,8684000.0,7127000.0,3229000.0,54486900000.0,12355,17.0,75.1,18056.0,105439000.0,1
4.4,FoodTech,Mumbai,4,28,8,12,16,0.0,0,0,4270000.0,5988000.0,2326000.0,59385900000.0,8080,24.8,66.8,9247.0,49037000.0,1
13.2,FoodTech,Mumbai,2,76,15,44,32,49510000.0,6,3,5872000.0,8947000.0,1709000.0,65082800000.0,17169,27.6,87.5,17754.0,86122000.0,1
12.1,EdTech,Bangalore,4,68,1,42,26,137940000.0,9,3,10834000.0,7141000.0,3235000.0,15843600000.0,16300,71.5,36.3,11718.0,83471000.0,1
10.0,CleanTech,Pune,4,67,20,40,27,12990000.0,2,1,4839000.0,7384000.0,2857000.0,2898800000.0,7833,-2.0,87.5,3884.0,64622000.0,1
12.8,Logistics,Hyderabad,3,99,10,48,51,450000000.0,15,5,8924000.0,9178000.0,2877000.0,77976100000.0,15399,21.5,46.5,10563.0,68769000.0,1
13.1,AI/ML,Chennai,1,107,12,76,31,15800000.0,2,1,14079000.0,16777000.0,7096000.0,1195900000.0,33913,45.0,69.1,3449.0,180276000.0,1
10.8,SaaS,Other,2,53,5,21,32,57820000.0,3,3,8767000.0,7429000.0,3820000.0,76856300000.0,17743,36.2,57.3,2995.0,92158000.0,1
12.6,SaaS,Pune,2,80,9,41,39,75720000.0,4,4,6751000.0,8400000.0,2260000.0,66313700000.0,5411,32.9,70.1,723.0,87753000.0,1
10.6,FoodTech,Other,2,80,23,52,28,93650000.0,6,3,10530000.0,8173000.0,3275000.0,72970400000.0,23850,84.2,64.3,7179.0,136350000.0,1
10.4,EdTech,Delhi,1,81,8,54,27,10370000.0,3,1,8423000.0,11355000.0,3976000.0,31005500000.0,17150,41.9,66.6,8372.0,103726000.0,1
9.5,E-commerce,Mumbai,3,59,16,32,27,176960000.0,9,3,7268000.0,8125000.0,4371000.0,15816300000.0,7322,4.3,79.7,17531.0,91066000.0,1
11.4,Fintech,Delhi,2,68,14,27,41,105890000.0,4,2,9617000.0,8127000.0,3479000.0,48536800000.0,15133,1.7,75.1,13519.0,113619000.0,1
2.8,Fintech,Hyderabad,1,29,13,17,12,14380000.0,1,1,3365000.0,5907000.0,2554000.0,59313000000.0,5468,17.2,86.0,21482.0,45985000.0,1
13.3,FoodTech,Delhi,4,100,23,42,58,77770000.0,6,2,7422000.0,12170000.0,3638000.0,10512300000.0,11463,8.4,77.9,4535.0,90387000.0,1
13.1,E-commerce,Pune,2,73,21,31,42,194410000.0,6,3,9202000.0,12200000.0,4632000.0,63819800000.0,11644,19.7,49.8,6759.0,72670000.0,1
0.9,FoodTech,Delhi,2,18,13,11,7,0.0,0,0,1868000.0,2040000.0,700000.0,16727000000.0,2594,25.4,98.0,23536.0,30926000.0,1
12.5,Fintech,Hyderabad,3,60,5,30,30,6990000.0,1,1,7483000.0,9564000.0,4343000.0,39359600000.0,9695,24.0,44.2,11185.0,51739000.0,1
2.4,E-commerce,Hyderabad,2,26,16,13,13,0.0,0,0,1645000.0,2785000.0,924000.0,68525800000.0,1286,-10.0,76.4,19758.0,19124000.0,1
5.4,CleanTech,Hyderabad,2,42,11,23,19,227520000.0,6,3,4443000.0,7358000.0,2813000.0,15514300000.0,2704,1.4,82.3,12380.0,55503000.0,1
11.3,EdTech,Pune,4,64,22,47,17,214820000.0,9,3,10652000.0,8841000.0,4200000.0,19388700000.0,14640,33.8,76.1,11856.0,149275000.0,1
2.8,SaaS,Hyderabad,1,20,5,14,6,0.0,0,0,2294000.0,3940000.0,2374000.0,5068600000.0,5663,54.2,69.2,3831.0,28862000.0,1
12.4,Logistics,Mumbai,1,96,13,52,44,11720000.0,1,1,11228000.0,13586000.0,6705000.0,11771800000.0,18191,9.1,92.8,21302.0,163824000.0,1
12.6,Healthcare,Kolkata,3,67,11,33,34,202830000.0,3,3,10755000.0,7997000.0,2298000.0,11764700000.0,14650,9.2,87.7,2097.0,147893000.0,1
7.9,EdTech,Hyderabad,4,67,19,33,34,19580000.0,1,1,8297000.0,10463000.0,4991000.0,16314000000.0,18508,16.0,71.7,7860.0,98420000.0,1
0.6,CleanTech,Delhi,1,6,3,2,4,337080000.0,4,4,2632000.0,4422000.0,2883000.0,22931700000.0,2064,55.9,65.7,16886.0,33461000.0,1
4.7,Fintech,Chennai,4,35,15,20,15,81880000.0,6,3,2631000.0,5301000.0,1694000.0,65207900000.0,5335,19.2,60.6,12755.0,24232000.0,1
9.4,CleanTech,Delhi,1,67,7,41,26,242610000.0,9,3,6344000.0,8055000.0,3573000.0,73265300000.0,5166,-10.0,61.7,22052.0,59840000.0,1
14.7,FoodTech,Chennai,4,85,7,48,37,345680000.0,12,4,8429000.0,9398000.0,3316000.0,32532100000.0,14104,57.3,71.2,1127.0,116992000.0,1
9.7,E-commerce,Delhi,3,50,6,27,23,38040000.0,6,2,3903000.0,5627000.0,1808000.0,10300300000.0,10884,33.2,48.8,16288.0,29918000.0,0
4.3,SaaS,Pune,2,65,3,30,35,75750000.0,6,2,7979000.0,7187000.0,2916000.0,17943600000.0,12858,-10.0,71.9,12015.0,87929000.0,1
9.7,AI/ML,Delhi,3,85,13,48,37,8390000.0,2,1,5653000.0,7721000.0,3231000.0,58909700000.0,17008,6.8,83.2,3985.0,69139000.0,1
8.3,FoodTech,Pune,1,87,7,45,42,15840000.0,1,1,10193000.0,9366000.0,3825000.0,54210200000.0,13467,0.5,64.1,18620.0,99640000.0,1
11.8,EdTech,Pune,3,59,5,34,25,86320000.0,6,2,6358000.0,10031000.0,4495000.0,77378200000.0,11132,13.4,71.7,10371.0,71564000.0,1
2.1,FoodTech,Hyderabad,2,30,23,19,11,107680000.0,9,3,4144000.0,4779000.0,1898000.0,1208400000.0,6823,50.7,76.3,13360.0,57875000.0,1
11.5,EdTech,Mumbai,3,75,18,46,29,0.0,0,0,6354000.0,10725000.0,4227000.0,60073200000.0,16472,-10.0,78.8,24187.0,70635000.0,1
8.3,AI/ML,Chennai,1,68,22,38,30,0.0,0,0,5431000.0,9637000.0,2626000.0,40488200000.0,15868,10.4,69.2,12233.0,60434000.0,0
14.5,Technology,Hyderabad,1,66,8,39,27,26640000.0,3,1,5858000.0,10154000.0,2701000.0,72220300000.0,16216,20.4,96.6,20611.0,90079000.0,1
5.5,SaaS,Hyderabad,3,58,17,28,30,0.0,0,0,4529000.0,6798000.0,2454000.0,46114500000.0,10043,16.5,72.0,19274.0,54675000.0,1
9.7,Logistics,Kolkata,2,55,20,22,33,28710000.0,3,1,5552000.0,6863000.0,2670000.0,35761100000.0,6062,0.5,53.4,16619.0,46058000.0,1
14.0,Logistics,Pune,3,66,1,40,26,0.0,0,0,5295000.0,8767000.0,1094000.0,53284800000.0,4196,44.2,66.6,22436.0,62991000.0,1
2.0,Healthcare,Pune,2,25,14,12,13,55230000.0,6,2,2259000.0,4681000.0,1203000.0,66690200000.0,1406,14.5,90.2,6402.0,33550000.0,1
14.1,CleanTech,Chennai,4,90,17,57,33,136680000.0,9,3,7471000.0,12218000.0,3204000.0,22635800000.0,4659,11.7,89.1,20546.0,103210000.0,1
10.5,Technology,Delhi,2,55,10,36,19,17720000.0,3,1,7852000.0,7986000.0,3183000.0,8646800000.0,16986,25.6,47.9,9538.0,62755000.0,1
1.5,Logistics,Delhi,4,41,12,29,12,62650000.0,6,2,3414000.0,6319000.0,2224000.0,34669800000.0,2935,11.8,67.8,20340.0,34003000.0,1
4.9,FoodTech,Other,3,45,16,33,12,0.0,0,0,3090000.0,6305000.0,1728000.0,17200900000.0,3325,5.8,64.6,12421.0,29861000.0,0
10.8,CleanTech,Hyderabad,2,78,14,31,47,120710000.0,4,2,8374000.0,11296000.0,5129000.0,34391800000.0,10785,-2.4,82.9,21464.0,99341000.0,1
1.5,Technology,Other,4,86,16,64,22,77990000.0,6,3,6913000.0,9729000.0,3803000.0,79284300000.0,20166,66.2,56.1,22387.0,69428000.0,1
8.9,E-commerce,Bangalore,4,59,8,37,22,0.0,0,0,7488000.0,9460000.0,3166000.0,45951100000.0,18642,35.5,93.8,15001.0,121603000.0,1
5.5,E-commerce,Bangalore,4,103,23,64,39,75050000.0,2,2,7120000.0,12786000.0,2855000.0,55503300000.0,6258,9.6,51.4,12765.0,56861000.0,1
9.5,CleanTech,Other,1,46,10,18,28,125770000.0,9,3,6777000.0,6016000.0,2178000.0,54250400000.0,16186,46.0,70.0,19615.0,86895000.0,1
1.2,EdTech,Delhi,3,24,17,16,8,83590000.0,2,2,2198000.0,3668000.0,1685000.0,65665000000.0,2655,29.5,55.1,6785.0,21213000.0,1
13.1,EdTech,Bangalore,4,68,18,30,38,106580000.0,6,2,5314000.0,7308000.0,1289000.0,75533100000.0,19689,18.8,81.2,531.0,69599000.0,1
14.6,FoodTech,Kolkata,2,78,20,54,24,19000000.0,3,1,7164000.0,8817000.0,4193000.0,52722500000.0,11435,-4.6,43.2,10266.0,47245000.0,1
14.5,Technology,Delhi,4,98,16,39,59,30940000.0,2,1,7506000.0,12593000.0,3382000.0,38113800000.0,17303,-0.2,69.6,12768.0,81652000.0,0
11.4,Technology,Pune,1,59,17,36,23,56450000.0,3,3,4495000.0,7470000.0,2574000.0,25460600000.0,8736,39.3,69.3,7537.0,57457000.0,1
2.4,CleanTech,Hyderabad,3,33,16,18,15,0.0,0,0,3199000.0,4203000.0,1277000.0,28853900000.0,7478,34.5,59.5,9677.0,33908000.0,1
11.5,Fintech,Mumbai,1,73,19,34,39,52220000.0,4,2,6560000.0,8702000.0,3324000.0,26791700000.0,12435,-10.0,89.1,3456.0,85331000.0,1
0.9,E-commerce,Hyderabad,1,35,24,15,20,57810000.0,4,2,2950000.0,6123000.0,2586000.0,25991000000.0,1609,9.0,95.9,7041.0,42702000.0,1
0.8,Technology,Other,1,32,24,17,15,22130000.0,2,1,2497000.0,4526000.0,1930000.0,55585300000.0,2008,33.0,66.4,6116.0,29573000.0,1
5.2,CleanTech,Delhi,2,50,8,22,28,0.0,0,0,9058000.0,7320000.0,3764000.0,47037300000.0,17610,42.5,73.8,7630.0,114957000.0,1
7.6,AI/ML,Other,3,37,6,21,16,0.0,0,0,2686000.0,4298000.0,1312000.0,16199500000.0,6510,29.3,63.4,7581.0,29345000.0,1
11.7,Healthcare,Kolkata,3,57,6,35,22,14250000.0,1,1,5713000.0,8892000.0,3452000.0,77571600000.0,14560,8.0,54.3,14040.0,50102000.0,1
10.4,AI/ML,Delhi,2,72,21,49,23,23550000.0,2,1,8360000.0,8643000.0,4427000.0,34246700000.0,17144,23.2,56.4,6377.0,79912000.0,1
7.0,SaaS,Hyderabad,3,52,9,33,19,0.0,0,0,3636000.0,6509000.0,946000.0,45308600000.0,6977,13.4,56.7,23533.0,28004000.0,1
4.5,FoodTech,Kolkata,1,28,4,11,17,0.0,0,0,1843000.0,3840000.0,965000.0,56222900000.0,2536,26.4,89.5,12855.0,28424000.0,1
15.0,Technology,Kolkata,3,100,12,50,50,11150000.0,3,1,16015000.0,8252000.0,3023000.0,49113500000.0,36934,50.5,78.0,3355.0,242039000.0,1
6.7,SaaS,Kolkata,2,44,12,22,22,28230000.0,3,1,4706000.0,5758000.0,1772000.0,24918600000.0,7218,0.8,58.7,7098.0,37857000.0,1
7.0,Logistics,Chennai,1,54,23,38,16,450000000.0,5,5,6057000.0,5754000.0,2301000.0,63826600000.0,5391,24.2,59.9,18284.0,60886000.0,1
2.9,SaaS,Delhi,2,25,17,17,8,0.0,0,0,2044000.0,4681000.0,1841000.0,8856800000.0,5306,15.9,58.0,489.0,18863000.0,0
12.0,CleanTech,Bangalore,4,72,15,38,34,92830000.0,3,3,6231000.0,12347000.0,4705000.0,45541200000.0,4792,12.2,45.7,23455.0,45201000.0,1
10.6,Technology,Bangalore,1,68,9,28,40,42390000.0,6,2,5335000.0,6974000.0,2418000.0,21901700000.0,17367,14.9,79.3,11213.0,71140000.0,1
3.7,Healthcare,Delhi,1,22,7,15,7,109820000.0,4,2,2574000.0,4894000.0,2431000.0,49280200000.0,1904,46.9,70.2,13099.0,33134000.0,1
1.7,CleanTech,Delhi,3,20,10,14,6,0.0,0,0,2086000.0,4475000.0,2117000.0,17478600000.0,2342,30.7,95.9,24712.0,33132000.0,1
10.4,CleanTech,Chennai,1,77,16,53,24,52290000.0,3,3,6598000.0,9578000.0,3396000.0,61787400000.0,4900,7.5,42.8,12660.0,41595000.0,1
10.0,FoodTech,Bangalore,2,56,12,38,18,104400000.0,6,2,4322000.0,6827000.0,2691000.0,18241500000.0,4578,32.3,83.9,23701.0,60624000.0,1
4.5,FoodTech,Delhi,3,27,7,15,12,0.0,0,0,1712000.0,3504000.0,1909000.0,71236900000.0,4280,5.7,85.1,22893.0,20814000.0,1
14.3,E-commerce,Delhi,4,88,18,40,48,91000000.0,6,3,11217000.0,12841000.0,4443000.0,68931300000.0,14594,-10.0,87.0,23542.0,136715000.0,1
2.7,E-commerce,Other,2,26,15,14,12,0.0,0,0,2269000.0,4145000.0,1022000.0,29023400000.0,4810,-10.0,75.4,20337.0,25274000.0,1
6.8,EdTech,Chennai,4,65,6,37,28,30930000.0,1,1,6152000.0,7707000.0,2128000.0,30896300000.0,15592,29.0,84.9,7515.0,89594000.0,1
14.2,Fintech,Chennai,4,68,12,38,30,205490000.0,3,3,6130000.0,8792000.0,3093000.0,56135200000.0,8836,11.7,76.3,8758.0,74377000.0,1
6.6,Technology,Hyderabad,4,53,11,31,22,18730000.0,1,1,4544000.0,6189000.0,2294000.0,7275400000.0,11643,39.9,61.5,9220.0,48789000.0,1
9.8,Technology,Chennai,1,65,20,31,34,177550000.0,12,4,10537000.0,9692000.0,4938000.0,6519500000.0,19307,26.5,66.4,24483.0,117077000.0,1
6.3,SaaS,Mumbai,2,58,3,30,28,450000000.0,6,6,8905000.0,9512000.0,3840000.0,10949100000.0,8709,23.7,66.0,9115.0,99965000.0,1
4.5,Technology,Bangalore,2,21,2,11,10,0.0,0,0,1931000.0,3860000.0,1105000.0,45019900000.0,2111,8.1,88.3,2851.0,27328000.0,0
14.8,Technology,Hyderabad,1,80,6,35,45,48280000.0,2,2,9281000.0,11710000.0,4544000.0,11962700000.0,15442,29.5,89.9,19491.0,143160000.0,1
6.4,Fintech,Mumbai,3,57,24,31,26,18900000.0,2,1,4632000.0,3761000.0,854000.0,22245500000.0,8881,52.1,83.4,9247.0,69017000.0,1
13.5,Logistics,Delhi,4,81,22,55,26,31450000.0,2,1,6579000.0,9514000.0,3379000.0,51770600000.0,6924,-10.0,72.9,15580.0,67292000.0,0
3.8,E-commerce,Other,2,29,5,20,9,0.0,0,0,2459000.0,5653000.0,2856000.0,1299100000.0,6770,14.7,43.2,23120.0,17526000.0,0
3.6,E-commerce,Other,1,48,18,26,22,179020000.0,9,3,4707000.0,5380000.0,874000.0,14459900000.0,16087,47.6,83.5,14451.0,70020000.0,1
1.0,Healthcare,Delhi,4,58,16,33,25,0.0,0,0,3960000.0,7837000.0,1366000.0,74398000000.0,7830,-7.2,82.9,15997.0,46425000.0,1
9.9,Technology,Hyderabad,3,47,8,19,28,21520000.0,6,2,5792000.0,6245000.0,3648000.0,53103000000.0,11577,20.9,76.0,16125.0,74265000.0,1
5.8,Fintech,Chennai,3,39,20,24,15,80570000.0,4,2,2838000.0,4936000.0,1516000.0,24478800000.0,3185,3.0,78.7,15368.0,35078000.0,1
13.0,E-commerce,Kolkata,4,94,22,50,44,89390000.0,6,2,12452000.0,9490000.0,2686000.0,3672000000.0,16333,12.1,60.6,4120.0,113375000.0,1
7.4,Fintech,Other,3,40,11,22,18,40540000.0,3,3,5091000.0,7099000.0,3058000.0,46904600000.0,6249,-10.0,67.2,11492.0,45563000.0,1
14.5,AI/ML,Kolkata,2,130,10,91,39,367600000.0,8,4,11522000.0,14312000.0,3889000.0,17868200000.0,25977,39.7,60.5,340.0,116278000.0,1
3.2,Logistics,Delhi,2,46,24,25,21,114390000.0,6,2,3978000.0,5437000.0,1707000.0,76816000000.0,3601,21.3,69.8,15713.0,46972000.0,1
13.1,Technology,Kolkata,2,77,12,31,46,42270000.0,6,2,9012000.0,8264000.0,2980000.0,54972500000.0,13455,-10.0,84.3,14448.0,105026000.0,1
11.8,Healthcare,Pune,3,67,21,32,35,450000000.0,12,6,13321000.0,9727000.0,4808000.0,77931200000.0,18425,27.2,78.1,8056.0,171585000.0,1
11.7,SaaS,Hyderabad,2,55,6,31,24,86930000.0,2,2,7922000.0,8842000.0,3209000.0,67919500000.0,11692,22.6,57.4,13169.0,70260000.0,1
12.7,E-commerce,Mumbai,1,82,20,44,38,22420000.0,2,1,5752000.0,9204000.0,2332000.0,38668000000.0,6366,2.8,97.6,12402.0,85312000.0,1
11.5,AI/ML,Hyderabad,2,86,5,60,26,105490000.0,2,2,6056000.0,9493000.0,3926000.0,53581600000.0,7720,61.3,74.4,6385.0,85516000.0,1
9.6,Fintech,Bangalore,2,117,23,69,48,47250000.0,2,2,9230000.0,14816000.0,3733000.0,64978000000.0,15644,29.4,62.6,7438.0,100181000.0,1
2.4,FoodTech,Chennai,3,20,9,12,8,100030000.0,6,2,1956000.0,2897000.0,1149000.0,46275400000.0,1398,46.4,67.8,19099.0,24381000.0,1
1.0,CleanTech,Chennai,2,18,16,10,8,50270000.0,2,2,2016000.0,3593000.0,961000.0,4965900000.0,4456,14.5,64.2,18930.0,18719000.0,1
13.9,Technology,Hyderabad,4,74,22,40,34,450000000.0,5,5,10601000.0,11375000.0,6348000.0,37662200000.0,12497,-10.0,75.2,11824.0,116068000.0,1
9.4,Technology,Delhi,1,79,14,43,36,64530000.0,4,2,6349000.0,8973000.0,3309000.0,10489300000.0,11260,-10.0,53.5,17980.0,48384000.0,0
12.0,AI/ML,Delhi,3,70,22,38,32,8510000.0,2,1,9493000.0,10213000.0,4858000.0,57202000000.0,15194,-4.3,76.1,11352.0,112113000.0,1
7.5,Fintech,Pune,1,36,8,21,15,199410000.0,4,4,3499000.0,4370000.0,920000.0,54466300000.0,3356,47.7,83.8,21307.0,51983000.0,1
2.2,EdTech,Pune,4,28,20,13,15,145570000.0,12,4,3284000.0,5323000.0,2890000.0,79433000000.0,5682,6.8,81.2,8420.0,42126000.0,1
2.3,Technology,Chennai,3,30,19,21,9,57910000.0,6,3,2650000.0,3735000.0,1310000.0,50323300000.0,2992,40.9,75.7,23193.0,35749000.0,1
10.4,EdTech,Pune,3,123,14,63,60,28930000.0,6,2,8286000.0,9346000.0,2995000.0,64021000000.0,5993,-7.7,80.1,13626.0,92563000.0,1
6.7,FoodTech,Other,2,43,7,19,24,0.0,0,0,3516000.0,6621000.0,2919000.0,21499600000.0,3019,3.4,77.5,13462.0,43371000.0,1
3.4,AI/ML,Other,1,21,5,9,12,0.0,0,0,2186000.0,3848000.0,1615000.0,27234900000.0,5365,6.6,86.7,16820.0,29712000.0,1
7.6,Fintech,Mumbai,4,50,18,20,30,237070000.0,3,3,7090000.0,8492000.0,4120000.0,73366100000.0,8148,23.0,68.6,8620.0,79292000.0,1
1.4,Fintech,Pune,4,13,2,7,6,221210000.0,6,3,2113000.0,3485000.0,2345000.0,60427600000.0,588,-10.0,59.2,18150.0,17003000.0,1
8.9,Logistics,Mumbai,3,44,11,20,24,0.0,0,0,5127000.0,6424000.0,2775000.0,52438800000.0,7188,0.5,77.1,8113.0,62387000.0,1
4.4,CleanTech,Pune,2,37,22,15,22,7070000.0,3,1,2995000.0,4718000.0,972000.0,20359500000.0,3422,12.9,87.2,10029.0,42735000.0,1
12.1,E-commerce,Chennai,3,72,8,41,31,348050000.0,8,4,6628000.0,8586000.0,3340000.0,55901300000.0,2685,-10.0,66.5,16916.0,63176000.0,1
5.0,E-commerce,Chennai,3,22,1,14,8,205890000.0,6,3,2736000.0,5278000.0,2441000.0,70946800000.0,3945,-10.0,94.4,9554.0,36977000.0,1
7.1,SaaS,Mumbai,3,49,22,21,28,0.0,0,0,3964000.0,5067000.0,1306000.0,18502300000.0,4214,18.6,77.3,5119.0,47587000.0,0
0.7,Healthcare,Hyderabad,3,18,12,10,8,0.0,0,0,2551000.0,4179000.0,1779000.0,56504600000.0,3854,-10.0,85.0,21817.0,32810000.0,1
1.6,AI/ML,Chennai,4,29,2,19,10,0.0,0,0,2058000.0,6211000.0,2566000.0,31525800000.0,6902,44.7,55.7,23066.0,19505000.0,1
6.2,FoodTech,Hyderabad,4,52,18,38,14,231190000.0,6,3,5617000.0,8324000.0,2821000.0,9545500000.0,4402,45.3,83.1,15724.0,86830000.0,1
7.5,Fintech,Delhi,3,53,7,33,20,25860000.0,2,1,4981000.0,7572000.0,3025000.0,61088700000.0,4780,5.2,78.6,20307.0,65131000.0,1
9.2,CleanTech,Other,3,62,17,30,32,116760000.0,6,2,9709000.0,12285000.0,5496000.0,13412600000.0,13688,31.2,98.0,24668.0,159031000.0,1
4.7,EdTech,Mumbai,2,53,22,34,19,0.0,0,0,4191000.0,8263000.0,2650000.0,20269100000.0,7030,19.5,79.2,15427.0,53116000.0,1
10.6,AI/ML,Kolkata,3,60,23,36,24,75400000.0,4,4,5934000.0,7293000.0,3716000.0,62646200000.0,12883,41.5,81.2,22733.0,83433000.0,1
13.0,SaaS,Chennai,4,103,14,48,55,247140000.0,3,3,9806000.0,9280000.0,2885000.0,59383500000.0,23105,7.9,60.5,9077.0,98239000.0,1
11.8,AI/ML,Bangalore,1,68,24,47,21,53500000.0,9,3,10129000.0,10440000.0,3737000.0,20371900000.0,18137,29.2,76.4,17557.0,131987000.0,1
1.1,SaaS,Delhi,4,17,7,9,8,0.0,0,0,1293000.0,3613000.0,1604000.0,75280100000.0,3961,24.9,88.0,1537.0,18024000.0,1
7.5,Fintech,Hyderabad,2,69,22,50,19,85310000.0,6,2,6845000.0,8094000.0,1672000.0,17262100000.0,19295,23.7,67.1,19756.0,72547000.0,1
2.0,Healthcare,Chennai,4,18,3,11,7,0.0,0,0,1278000.0,4299000.0,1191000.0,79490100000.0,1539,4.5,62.0,20771.0,12550000.0,1
4.0,SaaS,Mumbai,1,64,6,40,24,0.0,0,0,4975000.0,7324000.0,1801000.0,59045100000.0,7121,44.1,98.0,10119.0,85818000.0,1
14.8,Fintech,Kolkata,3,84,20,55,29,5870000.0,2,1,8444000.0,9558000.0,4399000.0,31431000000.0,19031,9.0,68.1,16028.0,82295000.0,1
2.6,Fintech,Pune,1,43,2,24,19,0.0,0,0,3738000.0,6673000.0,2074000.0,10471400000.0,5028,8.9,84.7,21480.0,50445000.0,0
7.7,Healthcare,Kolkata,3,69,17,39,30,138230000.0,9,3,8786000.0,8802000.0,4071000.0,25674800000.0,10405,2.2,65.3,22108.0,88533000.0,1
9.5,E-commerce,Bangalore,3,107,12,74,33,49470000.0,2,2,9062000.0,14967000.0,4640000.0,15539400000.0,21731,3.5,65.9,2797.0,87551000.0,1
10.7,AI/ML,Hyderabad,4,91,12,58,33,31220000.0,2,1,9594000.0,8580000.0,2636000.0,49766100000.0,12629,12.7,70.3,20713.0,105270000.0,1
8.6,Technology,Delhi,4,82,17,58,24,198530000.0,3,3,7857000.0,10098000.0,2988000.0,28580600000.0,7061,27.9,80.0,6965.0,104823000.0,1
0.6,Technology,Kolkata,4,30,10,21,9,0.0,0,0,2242000.0,4892000.0,982000.0,23635800000.0,7409,35.2,88.4,18224.0,34221000.0,1
5.2,EdTech,Mumbai,2,30,3,22,8,9850000.0,3,1,4357000.0,5831000.0,2853000.0,60582800000.0,7668,20.8,64.1,8230.0,48788000.0,1
8.0,EdTech,Bangalore,4,49,20,31,18,25770000.0,2,1,3224000.0,5527000.0,2141000.0,18486400000.0,3120,49.2,87.7,1550.0,52993000.0,1
1.8,Technology,Mumbai,2,39,18,22,17,247470000.0,9,3,5805000.0,4264000.0,2071000.0,46971800000.0,7437,20.6,73.9,5365.0,72006000.0,1
5.6,FoodTech,Chennai,4,90,13,41,49,168750000.0,3,3,9505000.0,12601000.0,4977000.0,15608000000.0,11224,-10.0,69.5,10305.0,94198000.0,1
1.0,Technology,Pune,3,33,12,21,12,10140000.0,2,1,2841000.0,4313000.0,857000.0,57198100000.0,2888,-7.4,79.8,18570.0,31792000.0,1
1.6,EdTech,Delhi,2,59,17,29,30,251950000.0,6,3,5506000.0,6865000.0,2573000.0,50028500000.0,5809,33.4,92.0,2652.0,91369000.0,1
6.3,CleanTech,Mumbai,1,52,4,25,27,72600000.0,6,2,4562000.0,5712000.0,2854000.0,63862400000.0,4579,10.8,79.2,20351.0,56796000.0,1
2.4,EdTech,Hyderabad,2,30,23,14,16,218200000.0,9,3,4834000.0,5726000.0,1987000.0,5526300000.0,6303,9.3,61.8,24924.0,44376000.0,1
8.7,FoodTech,Chennai,2,47,10,33,14,33010000.0,2,2,4793000.0,4390000.0,2032000.0,16847900000.0,6942,-3.2,74.0,19738.0,59665000.0,1
10.5,AI/ML,Chennai,1,57,11,40,17,24980000.0,3,1,8517000.0,7527000.0,3214000.0,12399100000.0,15314,9.2,79.9,11922.0,107276000.0,1
12.1,Technology,Delhi,2,55,6,34,21,32380000.0,1,1,4997000.0,6145000.0,1461000.0,15285400000.0,5485,9.5,63.7,14269.0,46945000.0,1
3.4,Healthcare,Chennai,3,31,6,17,14,151430000.0,6,3,3778000.0,4247000.0,1845000.0,8286000000.0,9620,28.8,75.9,303.0,50251000.0,1
2.9,CleanTech,Hyderabad,4,74,9,47,27,98690000.0,3,3,5846000.0,8963000.0,3561000.0,44988400000.0,12346,12.6,61.9,5350.0,60178000.0,0
2.0,Fintech,Mumbai,1,41,15,25,16,30720000.0,2,2,3707000.0,3932000.0,1386000.0,47494800000.0,4232,46.1,80.9,22490.0,53573000.0,1
9.7,FoodTech,Delhi,4,48,2,26,22,0.0,0,0,3967000.0,8458000.0,3118000.0,67487000000.0,3536,3.6,92.5,690.0,54161000.0,1
10.7,EdTech,Other,3,46,4,24,22,393630000.0,12,6,5388000.0,5318000.0,1673000.0,33448200000.0,9455,22.5,70.9,22634.0,62403000.0,1
1.0,Healthcare,Chennai,1,13,5,6,7,26300000.0,2,1,1118000.0,3035000.0,960000.0,42614200000.0,2510,-10.0,82.4,2964.0,13578000.0,0
14.1,SaaS,Chennai,4,81,17,49,32,36070000.0,6,2,5456000.0,11230000.0,3136000.0,79304800000.0,21145,32.5,86.3,3457.0,83129000.0,1
1.3,E-commerce,Hyderabad,4,17,8,10,7,99230000.0,4,4,2113000.0,3924000.0,2196000.0,42571000000.0,2718,-10.0,66.0,4507.0,19334000.0,0
8.3,Technology,Pune,3,41,8,22,19,16610000.0,2,1,3455000.0,6465000.0,2127000.0,45907400000.0,4074,30.5,77.9,20015.0,48351000.0,1
10.8,E-commerce,Pune,4,69,22,50,19,135530000.0,3,3,5626000.0,6744000.0,2717000.0,79673600000.0,3896,-10.0,87.9,12033.0,66557000.0,1
13.1,FoodTech,Kolkata,3,66,12,28,38,23850000.0,1,1,4424000.0,9331000.0,3471000.0,79530600000.0,2519,-4.7,94.9,3758.0,60317000.0,1
10.9,SaaS,Chennai,2,96,21,50,46,189470000.0,3,3,8151000.0,10281000.0,2744000.0,33951200000.0,8036,36.4,68.1,17217.0,96411000.0,1
12.1,SaaS,Other,3,56,8,30,26,384120000.0,8,4,10596000.0,8030000.0,4762000.0,50814000000.0,17148,52.4,56.2,23526.0,108746000.0,1
5.4,SaaS,Mumbai,2,37,19,15,22,47600000.0,2,2,3103000.0,6347000.0,2325000.0,38490200000.0,7592,-10.0,80.2,14375.0,34850000.0,1
12.3,Fintech,Delhi,1,51,3,26,25,150690000.0,3,3,4215000.0,6994000.0,1599000.0,57671200000.0,4337,-6.0,75.2,2603.0,48936000.0,0
1.7,FoodTech,Chennai,4,27,18,13,14,0.0,0,0,4022000.0,5837000.0,2918000.0,75074000000.0,8838,58.2,72.4,1511.0,54836000.0,1
13.5,AI/ML,Bangalore,3,86,21,49,37,17560000.0,2,2,8217000.0,9875000.0,3534000.0,24807300000.0,8514,21.1,64.7,19927.0,88863000.0,1
8.4,E-commerce,Delhi,3,68,19,35,33,77940000.0,6,2,5344000.0,8635000.0,1247000.0,65519100000.0,5984,-4.7,84.4,15708.0,67102000.0,1
12.4,AI/ML,Kolkata,4,73,19,47,26,212940000.0,3,3,9023000.0,9523000.0,3711000.0,52405200000.0,9566,50.5,63.8,23078.0,107619000.0,1
7.1,Healthcare,Pune,4,57,15,32,25,21220000.0,6,2,3667000.0,6056000.0,1539000.0,22450800000.0,3795,30.9,62.5,13749.0,38851000.0,1
9.8,Logistics,Other,1,50,6,22,28,5100000.0,2,1,3320000.0,6902000.0,2307000.0,63794100000.0,4861,20.4,70.1,1701.0,35122000.0,1
8.1,CleanTech,Chennai,1,61,16,40,21,93440000.0,4,2,5376000.0,8421000.0,2796000.0,34199300000.0,6502,-10.0,85.0,10182.0,67885000.0,1
11.1,CleanTech,Hyderabad,3,51,8,22,29,309400000.0,4,4,7681000.0,7539000.0,1828000.0,9675800000.0,10473,64.1,53.0,16501.0,78360000.0,1
1.7,AI/ML,Bangalore,1,27,16,18,9,59810000.0,6,2,2473000.0,4746000.0,1178000.0,79473600000.0,3509,23.8,57.8,9714.0,23159000.0,1
1.4,Logistics,Chennai,2,43,18,31,12,0.0,0,0,4199000.0,6443000.0,2570000.0,34080400000.0,7081,11.2,60.5,24990.0,39049000.0,0
4.1,Logistics,Other,1,56,20,28,28,242760000.0,3,3,4835000.0,8466000.0,3253000.0,43347100000.0,10041,50.2,98.0,10224.0,87867000.0,1
2.8,Technology,Kolkata,1,42,16,30,12,225330000.0,5,5,5577000.0,5466000.0,3043000.0,64646500000.0,10013,-2.2,76.0,13724.0,61553000.0,1
13.1,Healthcare,Mumbai,3,64,11,43,21,89430000.0,9,3,5652000.0,7928000.0,1353000.0,76872000000.0,12592,-6.1,57.4,5751.0,46711000.0,1
3.7,FoodTech,Bangalore,2,24,7,17,7,266340000.0,18,6,3939000.0,5894000.0,2943000.0,69837400000.0,5459,-3.4,70.2,3931.0,42209000.0,1
14.7,Logistics,Kolkata,1,155,17,98,57,323990000.0,4,4,16722000.0,13922000.0,4931000.0,42028000000.0,26681,9.6,82.8,16186.0,218363000.0,1
5.4,EdTech,Chennai,2,36,17,17,19,15600000.0,3,1,4613000.0,7182000.0,2972000.0,43678400000.0,7789,18.6,98.0,14777.0,71463000.0,1
3.1,CleanTech,Mumbai,2,24,12,17,7,250410000.0,9,3,3222000.0,4360000.0,1692000.0,22506900000.0,2377,32.1,50.5,258.0,28818000.0,1
12.0,EdTech,Bangalore,2,60,13,27,33,0.0,0,0,6305000.0,8146000.0,3879000.0,37051100000.0,10756,-9.5,57.0,7227.0,50653000.0,0
10.1,Healthcare,Mumbai,4,54,10,25,29,115750000.0,9,3,5139000.0,6099000.0,2522000.0,75749800000.0,6030,24.7,67.3,16143.0,59809000.0,1
7.7,Logistics,Mumbai,4,39,7,19,20,0.0,0,0,3483000.0,6512000.0,2390000.0,58168900000.0,2883,4.7,67.8,20334.0,35503000.0,0
8.6,E-commerce,Bangalore,4,55,14,27,28,79260000.0,6,2,4688000.0,8356000.0,3657000.0,999600000.0,3102,15.6,67.5,7912.0,51149000.0,1
10.9,CleanTech,Bangalore,4,71,23,41,30,100040000.0,3,3,9131000.0,8585000.0,4985000.0,9364700000.0,14287,44.6,70.4,16239.0,118508000.0,1
3.8,Technology,Mumbai,3,50,1,32,18,390030000.0,4,4,6606000.0,5958000.0,2350000.0,73908700000.0,6454,28.8,98.0,6742.0,106831000.0,1
14.9,Technology,Kolkata,1,73,17,52,21,63520000.0,6,2,9849000.0,11028000.0,4412000.0,67905100000.0,23586,30.7,54.3,17306.0,94825000.0,1
14.6,SaaS,Other,4,67,4,28,39,13780000.0,3,1,5044000.0,5142000.0,1831000.0,38918800000.0,6467,4.4,74.2,17494.0,61539000.0,1
9.9,Fintech,Pune,3,70,21,51,19,274730000.0,12,4,13470000.0,10435000.0,3718000.0,49377400000.0,24923,60.4,79.9,3386.0,208510000.0,1
3.4,Logistics,Bangalore,1,31,5,22,9,65810000.0,6,3,2575000.0,5613000.0,2642000.0,23207200000.0,4382,32.8,51.7,16677.0,23178000.0,1
10.4,Healthcare,Chennai,4,67,20,28,39,21850000.0,2,1,4547000.0,8808000.0,3274000.0,63436800000.0,14370,8.7,92.1,8439.0,67307000.0,1
1.5,CleanTech,Delhi,1,50,24,26,24,81040000.0,12,4,7031000.0,6917000.0,2207000.0,48285200000.0,12776,43.1,69.8,4439.0,90813000.0,0
0.9,Fintech,Hyderabad,4,22,23,15,7,420490000.0,5,5,3743000.0,3085000.0,1152000.0,55601300000.0,4535,30.5,56.8,12584.0,36530000.0,1
4.2,Healthcare,Mumbai,3,47,7,28,19,378790000.0,15,5,6676000.0,6945000.0,2817000.0,30024000000.0,5406,-9.8,93.7,11390.0,86552000.0,1
7.2,AI/ML,Mumbai,2,47,10,31,16,0.0,0,0,6064000.0,5056000.0,1950000.0,34463500000.0,10408,22.4,81.5,19381.0,79630000.0,1
13.1,Logistics,Hyderabad,2,68,17,44,24,0.0,0,0,6118000.0,9805000.0,3919000.0,16654200000.0,8254,-3.3,64.4,2250.0,57109000.0,1
11.0,FoodTech,Pune,1,82,7,47,35,22060000.0,6,2,6585000.0,12246000.0,3547000.0,75846800000.0,11446,-10.0,82.2,19775.0,73351000.0,0
11.3,FoodTech,Hyderabad,3,61,1,25,36,65440000.0,2,2,6813000.0,8236000.0,2468000.0,75727200000.0,10844,8.5,77.4,2786.0,86851000.0,1
6.7,Logistics,Bangalore,2,35,7,21,14,0.0,0,0,3055000.0,4193000.0,786000.0,65429200000.0,4808,42.9,50.5,5305.0,26182000.0,1
5.5,SaaS,Hyderabad,4,41,24,17,24,18790000.0,2,1,3426000.0,5376000.0,1488000.0,74847600000.0,6865,50.4,51.9,12970.0,32635000.0,1
5.9,SaaS,Mumbai,2,34,11,20,14,119780000.0,4,2,3241000.0,3641000.0,1336000.0,53243000000.0,1590,6.8,76.7,11660.0,36977000.0,1
14.8,FoodTech,Hyderabad,1,80,9,54,26,9180000.0,2,1,6359000.0,6789000.0,1370000.0,18810400000.0,19565,11.7,47.2,24723.0,49262000.0,0
1.1,E-commerce,Delhi,1,16,12,9,7,0.0,0,0,2402000.0,4749000.0,2516000.0,60828800000.0,4728,48.7,86.1,14798.0,39009000.0,1
13.1,CleanTech,Chennai,3,58,3,43,15,123250000.0,6,3,6050000.0,8260000.0,2337000.0,26055800000.0,6049,32.8,52.7,8287.0,50924000.0,1
8.9,FoodTech,Bangalore,1,39,4,21,18,70870000.0,4,2,4917000.0,6263000.0,2498000.0,35266500000.0,5828,28.8,84.9,22519.0,72359000.0,1
6.9,E-commerce,Hyderabad,2,50,4,33,17,27870000.0,1,1,4901000.0,5871000.0,1305000.0,21984300000.0,7776,21.1,91.9,7909.0,71049000.0,1
11.0,Fintech,Mumbai,2,79,13,50,29,0.0,0,0,7316000.0,11902000.0,4904000.0,33918600000.0,11659,33.9,78.9,6953.0,98338000.0,1
7.6,E-commerce,Kolkata,2,72,23,53,19,201620000.0,6,3,11804000.0,9602000.0,4021000.0,54361400000.0,17535,17.3,20.4,12435.0,54576000.0,0
13.2,Fintech,Chennai,2,70,19,45,25,51370000.0,9,3,11058000.0,7125000.0,3624000.0,8893300000.0,20410,51.6,87.7,22842.0,180800000.0,1
13.6,Healthcare,Bangalore,3,97,10,44,53,236440000.0,8,4,13958000.0,10422000.0,4463000.0,8461300000.0,22511,15.4,65.9,17757.0,153825000.0,1
6.6,EdTech,Mumbai,4,47,5,34,13,27260000.0,3,1,6917000.0,8483000.0,4790000.0,54717400000.0,12424,15.0,71.2,16985.0,79947000.0,0
4.5,Healthcare,Pune,4,57,7,36,21,37530000.0,4,2,5342000.0,8813000.0,2605000.0,62377500000.0,8463,-10.0,61.6,18193.0,46721000.0,1
9.1,FoodTech,Delhi,3,64,24,26,38,97950000.0,4,2,4803000.0,6572000.0,2476000.0,44139800000.0,15287,41.3,95.5,16542.0,80114000.0,1
13.7,Fintech,Other,1,76,16,47,29,34840000.0,6,2,6022000.0,9350000.0,2633000.0,14572200000.0,14096,-3.2,74.5,19031.0,70786000.0,1
3.6,FoodTech,Pune,4,38,1,26,12,0.0,0,0,3924000.0,6528000.0,2795000.0,34489000000.0,6260,-10.0,66.3,4940.0,41037000.0,0
9.5,Logistics,Other,1,49,12,29,20,19070000.0,3,1,5121000.0,6336000.0,2820000.0,60666100000.0,12448,14.1,90.8,4555.0,74312000.0,1
9.7,CleanTech,Delhi,4,51,2,26,25,184510000.0,6,3,6811000.0,7324000.0,4043000.0,54874400000.0,11379,10.6,84.3,9150.0,94360000.0,1
11.1,Technology,Hyderabad,1,77,7,52,25,0.0,0,0,6082000.0,9295000.0,3352000.0,8833700000.0,6430,27.9,56.1,21296.0,60264000.0,1
2.4,FoodTech,Bangalore,3,44,11,29,15,0.0,0,0,5155000.0,6190000.0,2493000.0,77533300000.0,13677,32.3,76.7,17904.0,67442000.0,1
10.9,CleanTech,Hyderabad,2,100,13,59,41,86610000.0,6,3,8362000.0,12235000.0,3075000.0,17907900000.0,18308,-0.2,75.1,14227.0,94355000.0,0
13.7,E-commerce,Delhi,1,74,2,33,41,224070000.0,6,3,8121000.0,7790000.0,3842000.0,17670100000.0,8775,77.8,51.4,633.0,82762000.0,1
3.1,Healthcare,Delhi,2,21,7,10,11,0.0,0,0,3020000.0,4657000.0,3121000.0,36815600000.0,4821,13.6,83.6,6010.0,43273000.0,1
3.9,E-commerce,Delhi,1,27,15,17,10,23940000.0,1,1,2612000.0,4126000.0,1103000.0,26213100000.0,2800,-10.0,71.6,20117.0,27847000.0,1
14.6,Technology,Other,1,76,11,51,25,236230000.0,6,3,7229000.0,8803000.0,3055000.0,78719700000.0,24300,52.8,98.0,6176.0,131629000.0,1
3.1,Fintech,Chennai,1,24,2,11,13,305960000.0,8,4,4688000.0,4782000.0,2259000.0,6165400000.0,7738,34.0,91.7,18298.0,73213000.0,1
12.9,Logistics,Mumbai,1,61,7,32,29,78540000.0,3,3,6494000.0,8997000.0,3321000.0,24549800000.0,7251,27.0,75.1,4738.0,83723000.0,1
7.6,CleanTech,Bangalore,1,35,4,14,21,9570000.0,1,1,4172000.0,4647000.0,1429000.0,30648600000.0,8348,8.4,70.8,15218.0,43268000.0,1
4.1,Logistics,Hyderabad,2,38,11,24,14,0.0,0,0,3966000.0,7032000.0,2798000.0,39502000000.0,9154,19.0,43.4,15761.0,26526000.0,0
13.1,EdTech,Hyderabad,1,75,2,30,45,0.0,0,0,6021000.0,9660000.0,3547000.0,1361700000.0,12214,-10.0,83.8,18836.0,71674000.0,1
7.0,FoodTech,Pune,2,115,16,47,68,34040000.0,6,2,9283000.0,12440000.0,4145000.0,6634900000.0,15563,12.0,71.0,11043.0,102246000.0,1
8.0,Fintech,Other,3,58,7,23,35,209040000.0,6,3,5206000.0,8348000.0,3054000.0,20661900000.0,6291,72.0,65.5,15872.0,67175000.0,1
5.7,EdTech,Delhi,4,56,13,35,21,54710000.0,2,2,4329000.0,6280000.0,1991000.0,44342500000.0,7692,-3.0,72.3,12251.0,47784000.0,1
9.1,AI/ML,Kolkata,1,54,5,29,25,115200000.0,6,2,4805000.0,4794000.0,1539000.0,61433300000.0,4093,21.9,93.7,23691.0,78850000.0,1
2.9,FoodTech,Delhi,4,89,17,44,45,0.0,0,0,7792000.0,9764000.0,2352000.0,54935300000.0,11616,-10.0,91.1,13119.0,104469000.0,1
6.2,E-commerce,Delhi,2,56,21,40,16,112350000.0,4,2,7693000.0,8250000.0,2465000.0,45383600000.0,12659,6.5,91.1,5359.0,107607000.0,1
14.6,Healthcare,Kolkata,3,97,12,45,52,99950000.0,3,3,9235000.0,10311000.0,3379000.0,31808800000.0,21830,-9.8,57.5,16747.0,80785000.0,0
4.2,CleanTech,Hyderabad,3,75,19,40,35,160470000.0,3,3,6802000.0,8456000.0,2669000.0,69662000000.0,7795,27.4,94.1,13779.0,108014000.0,1
10.0,Technology,Pune,3,85,7,61,24,14640000.0,2,1,7589000.0,7024000.0,1921000.0,36808800000.0,8724,22.7,65.1,20125.0,74599000.0,1
5.2,Technology,Mumbai,4,32,6,17,15,154100000.0,4,4,5027000.0,4550000.0,2803000.0,23975300000.0,6056,-10.0,82.4,4546.0,62347000.0,1
11.7,E-commerce,Kolkata,2,54,8,32,22,167700000.0,3,3,5417000.0,5452000.0,1425000.0,50365300000.0,8967,19.9,80.8,6634.0,68322000.0,1
2.4,SaaS,Other,1,22,13,9,13,102860000.0,6,2,2635000.0,5134000.0,2277000.0,55384600000.0,6168,20.7,70.0,23052.0,30420000.0,1
14.6,Technology,Chennai,1,63,5,42,21,56410000.0,6,3,6968000.0,9176000.0,3096000.0,31907700000.0,15461,21.8,75.0,23261.0,83301000.0,1
7.1,CleanTech,Bangalore,2,31,2,16,15,0.0,0,0,4284000.0,4065000.0,2122000.0,2300100000.0,8254,36.8,49.0,11140.0,34261000.0,1
3.9,E-commerce,Other,4,25,9,17,8,0.0,0,0,2401000.0,2642000.0,1066000.0,7575800000.0,2339,52.4,72.8,1337.0,31866000.0,1
1.6,Fintech,Kolkata,1,21,11,10,11,0.0,0,0,1491000.0,4034000.0,1551000.0,67655600000.0,1043,4.5,68.7,7768.0,13786000.0,1
3.0,Technology,Mumbai,2,42,24,23,19,238420000.0,3,3,5344000.0,5742000.0,3156000.0,4571000000.0,4979,11.3,98.0,6291.0,80697000.0,1
8.0,Logistics,Hyderabad,1,55,6,37,18,89710000.0,4,4,4791000.0,8062000.0,2779000.0,47382000000.0,5378,14.2,72.4,10455.0,56358000.0,1
5.4,E-commerce,Chennai,3,30,7,22,8,198580000.0,8,4,2948000.0,3800000.0,1862000.0,14737600000.0,5118,-10.0,62.0,8047.0,26723000.0,1
12.5,CleanTech,Chennai,1,72,7,30,42,32440000.0,1,1,7819000.0,8424000.0,4188000.0,18352700000.0,9287,-4.2,73.6,20750.0,77371000.0,0
6.7,Logistics,Chennai,4,60,19,41,19,53410000.0,6,2,5351000.0,8553000.0,3262000.0,21903100000.0,11725,30.4,62.6,225.0,59715000.0,1
4.1,FoodTech,Delhi,2,33,6,16,17,0.0,0,0,2743000.0,2723000.0,766000.0,3111400000.0,11155,60.3,52.1,16169.0,30507000.0,1
9.4,FoodTech,Bangalore,4,81,11,48,33,57940000.0,3,3,9462000.0,9529000.0,3058000.0,14220000000.0,10821,-4.9,77.8,16657.0,116162000.0,1
10.7,Technology,Hyderabad,2,53,11,26,27,222280000.0,4,4,6343000.0,7241000.0,2513000.0,52057500000.0,13791,68.5,72.1,16567.0,88074000.0,1
2.9,Logistics,Hyderabad,3,20,7,12,8,364180000.0,5,5,3330000.0,4068000.0,1831000.0,39922400000.0,4576,5.5,85.9,13087.0,42871000.0,1
2.9,Healthcare,Chennai,2,21,2,11,10,96560000.0,4,2,2278000.0,4814000.0,2401000.0,63796500000.0,3967,44.7,92.4,15336.0,36902000.0,1
1.0,FoodTech,Hyderabad,1,21,19,10,11,98720000.0,9,3,2081000.0,2973000.0,1087000.0,4946300000.0,1537,27.4,98.0,20291.0,36262000.0,1
11.2,Healthcare,Bangalore,1,60,4,24,36,12930000.0,1,1,4201000.0,7056000.0,1905000.0,71117400000.0,10974,22.3,75.2,19637.0,51054000.0,1
10.1,Fintech,Bangalore,3,52,6,23,29,14090000.0,1,1,4567000.0,4788000.0,1903000.0,79712100000.0,9129,8.6,81.7,1010.0,56515000.0,1
7.4,E-commerce,Pune,2,48,17,34,14,75460000.0,2,2,5539000.0,5514000.0,2497000.0,1308400000.0,8374,18.3,75.9,906.0,70575000.0,1
12.7,EdTech,Kolkata,3,57,5,42,15,225990000.0,6,3,6571000.0,7307000.0,3039000.0,77412800000.0,5497,2.4,39.5,20998.0,43086000.0,0
12.2,CleanTech,Kolkata,1,60,7,40,20,216220000.0,3,3,5898000.0,8825000.0,3464000.0,18907200000.0,7243,38.8,89.3,14432.0,95670000.0,1
9.0,E-commerce,Pune,4,57,9,28,29,6740000.0,1,1,5675000.0,7216000.0,3961000.0,55418800000.0,9562,42.6,79.6,23942.0,77756000.0,1
13.1,CleanTech,Mumbai,3,66,1,35,31,0.0,0,0,5292000.0,7672000.0,3465000.0,23434100000.0,5126,3.7,79.8,10875.0,65706000.0,1
3.5,Logistics,Kolkata,4,17,1,11,6,7850000.0,2,1,1175000.0,2282000.0,1175000.0,41768900000.0,2751,-10.0,64.8,4542.0,11766000.0,1
2.1,Fintech,Bangalore,4,25,19,18,7,0.0,0,0,2187000.0,3288000.0,1456000.0,40858000000.0,4683,10.8,63.0,11910.0,21674000.0,1
4.4,AI/ML,Bangalore,2,22,6,12,10,0.0,0,0,3032000.0,3915000.0,1839000.0,28920400000.0,6147,61.7,71.0,10998.0,41704000.0,1
1.3,Technology,Kolkata,3,19,18,13,6,0.0,0,0,1748000.0,4495000.0,1592000.0,57417900000.0,2039,23.1,79.8,13002.0,23276000.0,1
8.2,CleanTech,Bangalore,4,72,10,53,19,75320000.0,12,4,6137000.0,6978000.0,1283000.0,47990900000.0,9475,43.4,44.7,20227.0,48357000.0,1
14.1,CleanTech,Pune,4,65,11,45,20,14900000.0,2,1,4204000.0,7377000.0,2600000.0,40686700000.0,13027,-2.4,74.8,16441.0,47612000.0,0
1.1,Logistics,Chennai,2,24,1,11,13,93660000.0,2,2,1992000.0,4891000.0,2243000.0,78628000000.0,4762,7.3,95.6,4754.0,30389000.0,0
2.3,Healthcare,Chennai,2,40,1,16,24,20650000.0,3,1,4715000.0,7875000.0,3588000.0,75203700000.0,9954,11.2,70.2,18402.0,55222000.0,0
7.1,E-commerce,Hyderabad,1,40,13,22,18,212320000.0,4,4,4507000.0,7859000.0,2759000.0,76437100000.0,4600,-7.8,44.3,14859.0,28773000.0,0
14.0,AI/ML,Other,4,68,5,39,29,356400000.0,12,4,8798000.0,11656000.0,5549000.0,70511900000.0,12822,21.7,69.4,14521.0,100827000.0,1
5.1,SaaS,Other,1,85,20,39,46,0.0,0,0,9958000.0,12551000.0,5306000.0,20449700000.0,16587,-0.0,76.1,17005.0,111159000.0,1
7.9,Technology,Chennai,4,59,1,29,30,206490000.0,3,3,11982000.0,10889000.0,5465000.0,28030600000.0,20042,38.9,77.3,14165.0,172705000.0,1
1.1,EdTech,Delhi,1,30,20,20,10,65440000.0,4,2,5662000.0,6214000.0,3311000.0,18522800000.0,8921,20.0,74.2,11519.0,67466000.0,1
2.7,SaaS,Pune,2,34,3,19,15,0.0,0,0,5685000.0,4501000.0,2116000.0,78894800000.0,12792,50.6,98.0,16063.0,102319000.0,1
14.8,E-commerce,Bangalore,3,100,18,51,49,73430000.0,9,3,10716000.0,8595000.0,2523000.0,12255300000.0,20430,-10.0,74.0,18135.0,114021000.0,1
14.5,Technology,Kolkata,2,71,9,43,28,450000000.0,5,5,7421000.0,9060000.0,3041000.0,29352600000.0,13156,6.3,74.7,5760.0,86284000.0,1
0.6,CleanTech,Chennai,1,47,14,29,18,96090000.0,2,2,3646000.0,4701000.0,1737000.0,15963600000.0,2124,9.0,64.0,12502.0,33689000.0,1
14.3,EdTech,Pune,1,80,17,53,27,246860000.0,3,3,10546000.0,8876000.0,4512000.0,17915100000.0,19168,28.2,85.2,11536.0,154760000.0,1
9.8,Healthcare,Chennai,3,68,23,30,38,10710000.0,3,1,6797000.0,7009000.0,2318000.0,19804700000.0,6660,8.7,95.8,1142.0,103008000.0,1
13.1,AI/ML,Mumbai,4,185,14,122,63,157420000.0,15,5,12845000.0,22273000.0,4013000.0,51191700000.0,14999,55.9,63.2,20886.0,153417000.0,1
7.1,Healthcare,Bangalore,1,59,4,35,24,66200000.0,9,3,7884000.0,6096000.0,2727000.0,6130100000.0,12526,13.9,70.5,9528.0,90007000.0,1
8.0,Fintech,Mumbai,1,42,5,17,25,36720000.0,2,2,5976000.0,6613000.0,2948000.0,45823800000.0,8189,-1.9,39.5,1956.0,34942000.0,0
7.6,Logistics,Bangalore,1,47,21,31,16,72620000.0,4,2,6305000.0,8306000.0,3327000.0,65551900000.0,9604,14.5,60.3,11529.0,56217000.0,1
10.2,Technology,Pune,3,69,17,36,33,119290000.0,6,2,7505000.0,8846000.0,3197000.0,61333600000.0,8920,10.8,98.0,4163.0,119792000.0,1
2.5,Healthcare,Hyderabad,2,45,22,23,22,78990000.0,2,2,4146000.0,7749000.0,3138000.0,12136200000.0,9174,38.4,67.8,17655.0,46441000.0,1
0.9,SaaS,Chennai,1,20,2,11,9,20680000.0,3,1,1387000.0,3990000.0,1508000.0,73182800000.0,5147,8.9,75.2,14359.0,15668000.0,1
5.0,Logistics,Chennai,3,89,23,46,43,87750000.0,4,2,7357000.0,9984000.0,3055000.0,61618700000.0,15476,-10.0,61.8,6862.0,69543000.0,0
10.7,Healthcare,Delhi,1,90,22,46,44,52150000.0,3,3,10771000.0,9550000.0,3730000.0,473900000.0,16015,21.9,78.3,23769.0,131688000.0,1
3.4,FoodTech,Kolkata,4,26,5,17,9,0.0,0,0,1810000.0,4255000.0,933000.0,59003000000.0,4438,3.7,69.6,7400.0,19068000.0,0
10.3,Fintech,Mumbai,3,45,4,19,26,0.0,0,0,3962000.0,4128000.0,1883000.0,59006900000.0,9784,-7.4,77.8,13942.0,48289000.0,1
14.6,E-commerce,Chennai,1,71,4,52,19,73230000.0,6,3,7016000.0,10068000.0,3213000.0,39770400000.0,10322,18.5,73.5,20069.0,84045000.0,0
1.9,AI/ML,Pune,3,29,6,17,12,0.0,0,0,2228000.0,5065000.0,2514000.0,3726300000.0,2049,15.1,92.2,12920.0,31372000.0,0
10.3,Fintech,Hyderabad,1,71,20,32,39,79690000.0,2,2,6611000.0,6973000.0,1331000.0,46413500000.0,8714,13.2,74.4,24027.0,80648000.0,1
6.9,Logistics,Kolkata,2,55,21,24,31,50180000.0,3,3,6948000.0,8208000.0,3388000.0,61271500000.0,8653,23.7,60.3,21120.0,71109000.0,1
13.1,FoodTech,Pune,1,72,13,43,29,93980000.0,6,3,4935000.0,9399000.0,2392000.0,21706400000.0,7378,5.3,63.1,23037.0,48124000.0,1
3.1,Technology,Mumbai,3,35,22,21,14,0.0,0,0,3393000.0,6263000.0,2789000.0,53382100000.0,6377,20.6,45.8,9412.0,22012000.0,1
10.5,SaaS,Delhi,4,50,5,20,30,0.0,0,0,4142000.0,8266000.0,2155000.0,28346400000.0,5461,5.0,73.8,13777.0,49590000.0,0
12.7,AI/ML,Chennai,4,79,23,38,41,149080000.0,4,4,6334000.0,9569000.0,3460000.0,45929700000.0,6630,36.1,71.1,21028.0,84130000.0,1
14.2,AI/ML,Pune,4,77,23,52,25,77260000.0,4,2,6568000.0,8504000.0,2253000.0,30796000000.0,7192,17.5,93.2,22602.0,98971000.0,1
10.4,Fintech,Kolkata,1,53,7,22,31,66600000.0,6,2,8808000.0,7756000.0,2765000.0,24335700000.0,19310,56.5,55.6,23617.0,89217000.0,1
7.7,Logistics,Bangalore,2,52,20,36,16,87120000.0,6,2,6184000.0,7323000.0,3634000.0,68480400000.0,9591,7.1,62.2,21997.0,61189000.0,1
9.5,Technology,Hyderabad,1,52,1,32,20,33690000.0,1,1,3627000.0,7227000.0,1551000.0,60319400000.0,6939,25.9,62.4,18309.0,38894000.0,1
13.1,CleanTech,Kolkata,4,64,14,35,29,86420000.0,6,2,7740000.0,7868000.0,4204000.0,27668700000.0,10705,42.9,68.4,752.0,97190000.0,1
8.8,FoodTech,Pune,3,80,24,41,39,162290000.0,6,3,11178000.0,12095000.0,5767000.0,34798800000.0,14912,29.8,54.3,7977.0,103310000.0,1
0.9,CleanTech,Hyderabad,4,19,4,7,12,0.0,0,0,1401000.0,4073000.0,2233000.0,55351700000.0,4172,21.1,68.1,3354.0,16052000.0,1
14.0,SaaS,Chennai,3,86,17,59,27,23960000.0,2,1,8349000.0,11372000.0,2245000.0,64895700000.0,17498,25.4,72.3,3996.0,104022000.0,1
10.5,Technology,Bangalore,2,77,21,34,43,9970000.0,3,1,9645000.0,10749000.0,3790000.0,54763100000.0,23464,29.2,72.7,7379.0,131366000.0,1
10.3,Technology,Delhi,3,57,14,28,29,50290000.0,2,2,4486000.0,6852000.0,1508000.0,43297500000.0,12173,24.6,89.8,2007.0,68105000.0,1
3.6,FoodTech,Kolkata,1,36,16,21,15,27000000.0,2,1,4341000.0,5472000.0,1946000.0,76353100000.0,9799,17.7,71.6,6189.0,50722000.0,1
10.1,EdTech,Delhi,1,98,14,47,51,94550000.0,6,2,6865000.0,12610000.0,3423000.0,61942800000.0,5410,34.2,71.3,23931.0,79507000.0,1
6.2,CleanTech,Bangalore,1,59,16,33,26,0.0,0,0,9373000.0,9343000.0,2440000.0,9291600000.0,15550,16.1,88.0,7902.0,125978000.0,1
9.9,Healthcare,Hyderabad,3,111,24,75,36,23810000.0,3,1,10620000.0,15019000.0,5705000.0,44673200000.0,20470,-3.7,72.0,4119.0,113452000.0,1
2.0,AI/ML,Chennai,1,44,20,24,20,111380000.0,2,2,5375000.0,5378000.0,2239000.0,32794100000.0,5472,63.3,55.0,18000.0,56761000.0,1
10.0,EdTech,Pune,1,49,8,35,14,23110000.0,6,2,3266000.0,6281000.0,2123000.0,63605100000.0,6407,37.3,56.9,20738.0,30992000.0,1
15.0,Healthcare,Bangalore,1,80,24,55,25,450000000.0,12,6,7823000.0,7782000.0,2795000.0,3620800000.0,12060,-2.1,57.0,7954.0,62381000.0,1
1.2,Logistics,Mumbai,2,20,3,10,10,0.0,0,0,1477000.0,4042000.0,1331000.0,32887300000.0,1491,12.6,54.9,7071.0,13299000.0,0
14.7,FoodTech,Hyderabad,3,80,19,43,37,98380000.0,6,3,11373000.0,13305000.0,5397000.0,25496200000.0,17295,5.5,98.0,6158.0,168034000.0,1
6.4,Logistics,Delhi,3,31,1,16,15,9650000.0,2,1,3472000.0,5445000.0,2758000.0,11337800000.0,6837,7.0,57.0,9923.0,29287000.0,1
13.1,AI/ML,Kolkata,4,78,2,48,30,15520000.0,2,1,8034000.0,12575000.0,4488000.0,30335400000.0,11035,37.1,71.4,2318.0,96193000.0,1
11.8,E-commerce,Bangalore,3,66,15,33,33,28770000.0,3,1,4815000.0,8456000.0,3477000.0,53840400000.0,3993,10.7,72.8,16778.0,53147000.0,0
8.7,Healthcare,Delhi,2,58,22,42,16,26260000.0,6,2,4315000.0,7683000.0,2667000.0,28966100000.0,23011,60.2,69.5,20582.0,56360000.0,1
11.2,EdTech,Hyderabad,3,81,10,49,32,23010000.0,3,1,6761000.0,8681000.0,2462000.0,46421500000.0,6754,-10.0,61.1,16643.0,59099000.0,1
13.2,Healthcare,Delhi,2,95,18,51,44,31580000.0,6,2,7422000.0,12001000.0,4844000.0,47445300000.0,6038,17.3,78.4,10617.0,94944000.0,1
6.4,Healthcare,Bangalore,2,49,22,30,19,18070000.0,2,1,3235000.0,6555000.0,1598000.0,46989500000.0,4819,-10.0,50.7,7331.0,22816000.0,0
5.2,FoodTech,Hyderabad,3,58,14,31,27,245490000.0,3,3,6136000.0,7834000.0,3755000.0,42386100000.0,17681,25.2,57.1,10325.0,53041000.0,1
10.2,Logistics,Mumbai,4,82,17,56,26,78420000.0,6,3,9604000.0,13328000.0,5625000.0,9403200000.0,21641,27.8,87.7,10682.0,136769000.0,1
12.2,CleanTech,Bangalore,1,67,13,40,27,20960000.0,6,2,6556000.0,8586000.0,3103000.0,17515600000.0,13005,37.8,56.6,16701.0,63446000.0,1
11.6,E-commerce,Pune,1,48,1,19,29,216030000.0,8,4,5346000.0,6988000.0,1421000.0,64015400000.0,4547,-9.0,90.2,23212.0,72161000.0,0
12.1,FoodTech,Other,3,52,5,24,28,77760000.0,4,2,4911000.0,8306000.0,3017000.0,40214100000.0,8545,27.5,91.4,1904.0,75413000.0,1
6.8,SaaS,Chennai,3,48,13,33,15,13930000.0,2,1,3509000.0,5415000.0,1938000.0,56500800000.0,2069,-1.2,91.6,23841.0,48701000.0,1
12.4,FoodTech,Bangalore,2,67,14,40,27,74010000.0,2,2,8785000.0,8160000.0,3575000.0,45614200000.0,15357,20.1,83.8,22769.0,126569000.0,1
2.2,AI/ML,Hyderabad,3,115,24,84,31,33600000.0,2,1,9066000.0,11123000.0,4042000.0,3143300000.0,7587,8.3,52.7,3076.0,73589000.0,1
8.4,E-commerce,Kolkata,2,58,3,24,34,103700000.0,6,3,5904000.0,7566000.0,2754000.0,63707300000.0,7794,-9.8,50.5,4712.0,42720000.0,1
0.6,Technology,Chennai,4,35,15,17,18,49740000.0,2,2,4769000.0,5589000.0,1628000.0,5192700000.0,7443,33.9,56.3,7893.0,46510000.0,1
5.2,SaaS,Bangalore,3,82,19,38,44,67840000.0,4,2,6255000.0,8565000.0,3798000.0,75456800000.0,3716,12.3,58.7,14058.0,58321000.0,1
5.8,Fintech,Mumbai,1,69,17,40,29,248090000.0,8,4,13185000.0,8567000.0,3341000.0,17269400000.0,23216,36.9,53.8,3492.0,117202000.0,1
6.2,FoodTech,Kolkata,1,32,3,17,15,0.0,0,0,3112000.0,5187000.0,2618000.0,41016900000.0,4581,38.4,62.4,5128.0,34940000.0,1
10.6,Healthcare,Mumbai,3,57,16,25,32,169610000.0,6,3,4627000.0,5451000.0,2288000.0,5133900000.0,4704,46.8,82.8,22581.0,69801000.0,1
6.1,CleanTech,Pune,2,56,14,34,22,121600000.0,4,2,5730000.0,7044000.0,3109000.0,71599800000.0,13135,6.9,81.1,2866.0,69499000.0,1
7.0,Technology,Kolkata,1,44,12,25,19,13760000.0,3,1,3148000.0,4374000.0,965000.0,78396200000.0,3088,-2.4,76.1,10062.0,35272000.0,1
3.9,FoodTech,Delhi,2,34,12,16,18,0.0,0,0,2154000.0,3348000.0,777000.0,11746100000.0,2221,44.4,69.0,19111.0,24747000.0,1
5.9,FoodTech,Other,3,47,11,26,21,0.0,0,0,5110000.0,7381000.0,3470000.0,23698100000.0,8135,20.3,71.0,22231.0,55474000.0,1
3.8,EdTech,Kolkata,3,64,17,42,22,80540000.0,4,2,5795000.0,7297000.0,3352000.0,1319200000.0,6360,47.7,76.2,8501.0,83018000.0,0
1.6,EdTech,Chennai,1,20,8,9,11,133020000.0,9,3,2962000.0,3884000.0,2180000.0,62967900000.0,4532,-8.0,65.4,4236.0,27691000.0,0
9.3,Technology,Kolkata,3,73,17,36,37,20910000.0,1,1,5302000.0,7935000.0,2747000.0,24951600000.0,4102,33.2,85.7,18465.0,81867000.0,1
10.2,Logistics,Hyderabad,4,62,21,32,30,386260000.0,5,5,6490000.0,9134000.0,3668000.0,47127600000.0,3741,18.9,53.6,19348.0,56821000.0,1
9.5,EdTech,Other,4,74,23,48,26,74480000.0,6,3,5150000.0,8042000.0,3015000.0,3185500000.0,18629,17.1,61.1,24504.0,51398000.0,1
7.2,Healthcare,Hyderabad,1,44,20,30,14,203010000.0,9,3,3885000.0,4158000.0,1739000.0,57251000000.0,4408,10.9,59.0,3618.0,36026000.0,1
6.0,SaaS,Delhi,4,63,11,33,30,0.0,0,0,7575000.0,7975000.0,2065000.0,42375800000.0,13647,-6.4,78.4,17779.0,82692000.0,1
13.0,Fintech,Kolkata,2,54,2,27,27,94690000.0,9,3,4586000.0,5900000.0,1893000.0,58012200000.0,7542,32.6,55.2,10520.0,44485000.0,1
8.0,E-commerce,Mumbai,1,58,10,41,17,450000000.0,15,5,5926000.0,7089000.0,1886000.0,63175700000.0,3467,9.4,59.2,22879.0,52864000.0,1
7.4,Fintech,Mumbai,1,38,10,28,10,18750000.0,4,2,2652000.0,5454000.0,2696000.0,7185000000.0,1968,22.7,77.9,10285.0,34576000.0,1
0.9,Fintech,Bangalore,2,17,11,10,7,324700000.0,12,4,2950000.0,5533000.0,3210000.0,46268500000.0,2710,60.5,59.8,11232.0,32435000.0,0
5.4,E-commerce,Pune,4,36,6,26,10,57240000.0,4,2,2586000.0,4710000.0,2261000.0,52013000000.0,5332,6.2,83.7,3301.0,34336000.0,1
6.0,EdTech,Chennai,4,35,4,22,13,72000000.0,6,2,2732000.0,5766000.0,2053000.0,41361700000.0,1569,11.5,83.4,8125.0,36540000.0,1
6.3,Technology,Other,4,47,24,30,17,13750000.0,1,1,3110000.0,5196000.0,1978000.0,14633600000.0,8712,14.4,64.5,10111.0,33940000.0,1
8.9,E-commerce,Pune,1,51,12,27,24,14640000.0,2,1,3226000.0,6880000.0,2428000.0,63658000000.0,6135,9.3,73.8,585.0,38375000.0,1
8.2,AI/ML,Kolkata,1,61,11,33,28,0.0,0,0,6279000.0,7838000.0,2399000.0,79796800000.0,8181,10.0,98.0,11024.0,96279000.0,1
9.3,Logistics,Pune,4,72,23,32,40,194310000.0,3,3,6533000.0,8161000.0,3000000.0,77543200000.0,9107,33.3,84.2,8508.0,99896000.0,1
11.6,SaaS,Bangalore,3,65,23,44,21,26320000.0,1,1,7405000.0,5700000.0,2205000.0,62213500000.0,14447,47.1,78.9,20125.0,107632000.0,1
12.3,CleanTech,Pune,4,80,13,58,22,177950000.0,3,3,6797000.0,11728000.0,3484000.0,33477700000.0,8542,20.9,93.7,2812.0,96662000.0,1
10.9,EdTech,Other,2,48,5,29,19,226410000.0,3,3,5655000.0,8991000.0,3341000.0,27017200000.0,4403,34.3,58.5,19041.0,55561000.0,0
14.4,Logistics,Delhi,1,74,6,38,36,231460000.0,6,3,11271000.0,10414000.0,4114000.0,5530200000.0,19186,14.2,89.6,17893.0,160325000.0,1
0.8,E-commerce,Bangalore,2,8,1,3,5,0.0,0,0,654000.0,3274000.0,1875000.0,33332100000.0,1108,13.6,77.0,6158.0,8444000.0,0
3.3,AI/ML,Delhi,2,31,6,15,16,184550000.0,3,3,2965000.0,3247000.0,1531000.0,12526100000.0,1900,9.2,92.4,2219.0,42153000.0,1
0.6,CleanTech,Kolkata,1,21,18,10,11,64630000.0,12,4,1711000.0,4895000.0,2046000.0,20384100000.0,1877,1.2,64.7,21070.0,16105000.0,0
9.9,SaaS,Bangalore,3,120,22,73,47,105830000.0,6,2,13378000.0,10285000.0,2998000.0,71356300000.0,18310,45.2,91.5,6348.0,207244000.0,1
13.5,SaaS,Kolkata,4,66,9,48,18,102700000.0,6,2,7170000.0,9361000.0,3646000.0,77483600000.0,14238,7.0,47.6,3767.0,57438000.0,1
4.0,EdTech,Kolkata,2,39,24,16,23,67990000.0,8,4,2919000.0,5613000.0,1774000.0,75887300000.0,2289,31.4,66.7,9072.0,35432000.0,1
13.9,E-commerce,Pune,1,72,15,28,44,258090000.0,8,4,9327000.0,7041000.0,3140000.0,15508800000.0,10070,-0.4,75.8,10112.0,100542000.0,1
1.4,Logistics,Delhi,2,46,8,28,18,0.0,0,0,3896000.0,6468000.0,1901000.0,72076500000.0,6876,19.0,81.2,8253.0,48746000.0,1
14.0,Technology,Kolkata,4,86,19,42,44,10440000.0,3,1,10750000.0,11231000.0,4618000.0,11363300000.0,24696,18.0,42.7,24416.0,80022000.0,1
5.6,Logistics,Delhi,3,61,24,43,18,54250000.0,4,2,5567000.0,6925000.0,2201000.0,40637400000.0,4737,-0.2,54.6,22038.0,49157000.0,1
2.0,Logistics,Delhi,3,58,16,29,29,0.0,0,0,7176000.0,8007000.0,2312000.0,51510900000.0,11004,10.4,56.8,21843.0,61410000.0,1
7.5,SaaS,Bangalore,3,71,6,35,36,15680000.0,2,1,5780000.0,8541000.0,1507000.0,37024200000.0,5532,-5.5,58.9,10059.0,49131000.0,0
4.2,Technology,Hyderabad,1,41,6,20,21,6260000.0,1,1,5181000.0,4243000.0,1843000.0,76149400000.0,7532,18.4,61.5,24077.0,53195000.0,1
4.6,Technology,Pune,1,39,22,17,22,96600000.0,6,3,4920000.0,5781000.0,2621000.0,26690400000.0,5495,-10.0,74.3,17148.0,49852000.0,0
5.0,EdTech,Kolkata,3,50,3,30,20,0.0,0,0,4221000.0,7058000.0,2510000.0,42213800000.0,3257,16.7,92.7,20825.0,61192000.0,1
12.1,CleanTech,Delhi,4,59,10,27,32,223790000.0,6,3,6243000.0,7770000.0,3699000.0,6082200000.0,10604,32.3,66.7,12597.0,70475000.0,1
8.3,FoodTech,Chennai,4,54,1,29,25,0.0,0,0,4700000.0,6555000.0,1655000.0,68185400000.0,8697,17.7,93.6,4141.0,68903000.0,1
5.0,Fintech,Hyderabad,1,48,14,26,22,0.0,0,0,3447000.0,3743000.0,1126000.0,33098400000.0,5270,2.6,73.2,22189.0,43310000.0,1
9.3,Fintech,Kolkata,3,61,4,24,37,0.0,0,0,5755000.0,6099000.0,3061000.0,56057500000.0,6212,3.7,69.0,12238.0,64139000.0,1
10.9,SaaS,Chennai,4,64,12,25,39,30020000.0,4,2,4489000.0,6674000.0,1965000.0,54595500000.0,8060,44.6,86.6,24219.0,69333000.0,1
4.5,FoodTech,Pune,4,38,6,22,16,0.0,0,0,2569000.0,4575000.0,1118000.0,54117200000.0,1904,21.5,69.8,6483.0,29667000.0,1
6.5,CleanTech,Pune,4,80,11,51,29,215110000.0,9,3,5958000.0,6749000.0,2264000.0,40579700000.0,4412,36.6,61.1,24811.0,58823000.0,1
2.3,FoodTech,Delhi,1,20,12,14,6,21230000.0,2,1,2415000.0,4704000.0,1922000.0,22237600000.0,4545,38.7,90.6,5677.0,39021000.0,1
3.1,EdTech,Delhi,3,25,10,11,14,67170000.0,2,2,2571000.0,5507000.0,2373000.0,50026300000.0,2737,8.2,71.5,9299.0,29544000.0,0
10.4,Logistics,Other,2,70,18,30,40,176840000.0,9,3,5645000.0,9838000.0,3788000.0,76945200000.0,5057,-4.0,97.1,14911.0,78855000.0,1
3.1,SaaS,Other,3,67,7,28,39,0.0,0,0,8882000.0,9660000.0,4686000.0,66724200000.0,16279,32.2,67.0,17379.0,100204000.0,0
8.1,Technology,Kolkata,3,39,7,21,18,47020000.0,9,3,3520000.0,6541000.0,2655000.0,8746000000.0,5838,-0.9,53.4,18049.0,26478000.0,1
10.8,SaaS,Bangalore,1,52,11,32,20,123760000.0,9,3,5450000.0,6182000.0,2463000.0,1903800000.0,12674,5.0,61.2,11985.0,54930000.0,1
2.0,Fintech,Hyderabad,4,12,4,8,4,120200000.0,6,2,2507000.0,2528000.0,1625000.0,39942800000.0,3096,20.3,62.6,2059.0,27363000.0,1
8.7,CleanTech,Kolkata,4,51,20,32,19,36460000.0,4,2,5913000.0,6276000.0,2197000.0,62077600000.0,11051,12.5,70.7,12477.0,67392000.0,0
4.2,FoodTech,Hyderabad,1,53,1,25,28,0.0,0,0,3536000.0,5654000.0,2521000.0,25146500000.0,3175,-10.0,60.9,8467.0,31085000.0,1
14.5,CleanTech,Delhi,1,87,13,48,39,5260000.0,3,1,10838000.0,8111000.0,2522000.0,56114000000.0,14209,-9.2,54.5,16493.0,78169000.0,0
7.5,EdTech,Pune,1,61,18,43,18,30160000.0,2,2,6419000.0,6849000.0,1913000.0,74557100000.0,15883,40.2,67.5,4680.0,74447000.0,0
12.2,SaaS,Delhi,1,67,9,34,33,78750000.0,4,2,8537000.0,7034000.0,2688000.0,36745800000.0,15594,16.2,73.3,9939.0,99465000.0,1
8.5,E-commerce,Pune,1,76,24,43,33,48480000.0,4,2,7653000.0,8687000.0,3140000.0,19570600000.0,9708,34.1,77.8,24158.0,100450000.0,1
1.1,SaaS,Other,2,26,24,19,7,112020000.0,6,2,2926000.0,4617000.0,2432000.0,73424700000.0,4540,0.1,71.8,2358.0,32352000.0,1
9.7,Technology,Kolkata,3,53,9,34,19,59840000.0,2,2,5342000.0,8796000.0,2863000.0,37807500000.0,8416,-6.5,91.1,15118.0,66486000.0,1
14.3,SaaS,Other,3,85,23,56,29,81210000.0,9,3,6983000.0,12741000.0,3859000.0,32656800000.0,13761,33.9,72.9,2403.0,83506000.0,1
9.2,AI/ML,Pune,3,45,9,21,24,154380000.0,9,3,5769000.0,7344000.0,2484000.0,28301300000.0,11822,46.5,41.4,4051.0,41504000.0,0
12.4,EdTech,Delhi,4,65,10,35,30,450000000.0,10,5,6653000.0,8193000.0,1674000.0,33870200000.0,3737,-1.2,75.5,15183.0,69705000.0,1
13.3,Healthcare,Other,2,60,2,25,35,40330000.0,3,3,7132000.0,6791000.0,2038000.0,53908900000.0,14753,40.4,72.1,11183.0,94724000.0,1
3.8,EdTech,Mumbai,3,20,6,12,8,145690000.0,9,3,2809000.0,3585000.0,1541000.0,34725900000.0,3228,-3.5,82.3,13780.0,35731000.0,1
3.6,FoodTech,Hyderabad,4,28,15,12,16,98210000.0,4,2,2705000.0,4602000.0,1836000.0,25971700000.0,2122,-10.0,56.3,22015.0,19525000.0,1
9.4,Healthcare,Chennai,2,61,3,42,19,98310000.0,12,4,9463000.0,9163000.0,4052000.0,59503800000.0,16914,30.9,86.9,20458.0,141874000.0,1
6.5,FoodTech,Pune,2,35,11,23,12,0.0,0,0,2335000.0,5915000.0,2320000.0,16277600000.0,7592,-3.0,75.7,22216.0,25685000.0,0
12.7,FoodTech,Pune,4,96,6,56,40,12940000.0,1,1,6159000.0,10457000.0,2442000.0,16194600000.0,7388,-8.6,73.9,15464.0,65598000.0,0
13.6,Technology,Mumbai,2,58,3,26,32,35230000.0,2,2,3937000.0,8336000.0,2806000.0,55730000000.0,2982,-8.1,85.1,12318.0,49476000.0,1
5.6,Technology,Kolkata,4,65,24,26,39,274980000.0,4,4,9992000.0,9246000.0,4749000.0,69343200000.0,11955,10.3,88.2,11561.0,128027000.0,1
3.9,Logistics,Kolkata,3,58,11,39,19,0.0,0,0,5854000.0,7277000.0,4080000.0,19334800000.0,7348,-10.0,86.9,18534.0,76003000.0,1
11.8,Fintech,Kolkata,4,101,15,61,40,88420000.0,2,2,12874000.0,15811000.0,6910000.0,15330400000.0,17186,31.1,39.2,13104.0,89649000.0,1
4.5,Logistics,Chennai,2,58,13,37,21,19700000.0,2,1,5363000.0,9192000.0,3501000.0,53641000000.0,14903,28.6,52.1,2778.0,50220000.0,0
12.4,Logistics,Bangalore,3,70,20,35,35,59960000.0,9,3,9674000.0,10662000.0,3498000.0,49683200000.0,21931,28.6,65.8,3677.0,98804000.0,1
6.6,Fintech,Mumbai,3,40,10,23,17,112740000.0,2,2,4819000.0,7639000.0,2557000.0,35807800000.0,8115,44.6,55.4,9024.0,48002000.0,1
10.2,E-commerce,Chennai,1,53,6,35,18,87740000.0,6,2,4333000.0,5967000.0,2030000.0,7714100000.0,3050,39.4,62.3,1835.0,48834000.0,1
1.9,Healthcare,Other,1,21,15,11,10,0.0,0,0,2250000.0,3766000.0,1267000.0,7388200000.0,3400,-2.0,71.3,6095.0,24337000.0,1
9.5,CleanTech,Mumbai,2,52,18,31,21,196800000.0,8,4,6145000.0,6589000.0,3274000.0,62198500000.0,12245,32.8,65.4,16462.0,71804000.0,1
7.1,Logistics,Pune,4,73,18,49,24,109690000.0,8,4,11059000.0,9269000.0,2362000.0,36168900000.0,22233,42.4,71.7,459.0,144153000.0,1
9.0,SaaS,Hyderabad,4,53,7,25,28,91320000.0,4,2,5515000.0,6820000.0,3182000.0,68644500000.0,5897,35.9,91.0,15162.0,82068000.0,1
2.9,SaaS,Mumbai,2,37,15,15,22,212480000.0,9,3,4248000.0,5355000.0,3006000.0,46000000000.0,7642,37.6,96.9,19343.0,74639000.0,1
11.2,FoodTech,Bangalore,3,98,18,57,41,106400000.0,12,4,12118000.0,10651000.0,4782000.0,49518100000.0,15050,14.7,77.2,4378.0,146696000.0,1
13.0,Fintech,Delhi,2,82,18,34,48,240540000.0,8,4,9396000.0,10093000.0,3657000.0,74738800000.0,15266,3.7,90.7,4647.0,130907000.0,1
3.6,FoodTech,Other,2,48,20,32,16,0.0,0,0,3739000.0,6060000.0,1932000.0,13211000000.0,2892,12.8,66.4,867.0,42290000.0,1
1.9,AI/ML,Chennai,3,37,9,24,13,53960000.0,4,2,5022000.0,6175000.0,2272000.0,43464800000.0,8565,2.6,63.3,12884.0,48219000.0,1
0.8,AI/ML,Other,4,24,24,17,7,450000000.0,10,5,4842000.0,4990000.0,2356000.0,4698200000.0,4954,40.1,70.9,16417.0,59939000.0,1
9.8,CleanTech,Other,2,47,2,29,18,144700000.0,5,5,5335000.0,7481000.0,2215000.0,28746100000.0,12864,22.1,67.6,11504.0,56373000.0,1
9.3,Technology,Mumbai,4,95,8,40,55,80560000.0,6,3,10019000.0,11234000.0,3968000.0,11890500000.0,14409,36.1,81.5,9828.0,135708000.0,1
8.4,Technology,Mumbai,2,88,20,42,46,17580000.0,2,2,6050000.0,10342000.0,2454000.0,15067500000.0,14037,-10.0,72.2,11442.0,58919000.0,1
3.9,Fintech,Bangalore,3,49,2,33,16,293350000.0,10,5,9424000.0,7722000.0,3268000.0,74786800000.0,12772,8.2,93.1,19571.0,136291000.0,1
6.2,Fintech,Hyderabad,3,42,11,19,23,47830000.0,6,2,3578000.0,5352000.0,2146000.0,48874100000.0,9540,-4.6,73.7,983.0,42654000.0,1
9.1,Logistics,Mumbai,1,71,7,45,26,224040000.0,3,3,7223000.0,7120000.0,2055000.0,71378000000.0,15224,-10.0,62.1,19628.0,63142000.0,1
7.7,AI/ML,Mumbai,3,36,6,24,12,197770000.0,9,3,3989000.0,6216000.0,2715000.0,35509400000.0,2198,24.6,65.4,16709.0,43406000.0,1
14.8,Logistics,Hyderabad,1,69,10,35,34,0.0,0,0,4846000.0,7060000.0,2058000.0,47831600000.0,8135,-5.4,63.7,6149.0,46856000.0,1
2.5,Technology,Bangalore,2,22,5,11,11,0.0,0,0,1423000.0,3602000.0,2191000.0,2616000000.0,1274,9.8,82.2,13190.0,17820000.0,0
10.6,Healthcare,Chennai,4,61,11,36,25,182510000.0,6,3,6581000.0,7050000.0,3955000.0,37586700000.0,6186,-3.4,70.5,1375.0,73048000.0,1
6.4,Healthcare,Other,3,30,1,21,9,0.0,0,0,2080000.0,2320000.0,770000.0,45146300000.0,2506,9.0,73.7,9583.0,23417000.0,1
6.7,Fintech,Chennai,3,35,2,16,19,0.0,0,0,2502000.0,3985000.0,1570000.0,1391400000.0,7804,31.0,77.9,4475.0,34848000.0,1
10.9,FoodTech,Mumbai,3,65,24,47,18,29440000.0,4,2,5362000.0,6433000.0,1516000.0,63169700000.0,12859,-3.0,79.5,704.0,64689000.0,1
10.5,Technology,Hyderabad,2,52,1,31,21,12500000.0,2,1,6146000.0,6482000.0,2804000.0,23669100000.0,8300,8.0,86.8,9024.0,83166000.0,1
14.9,Healthcare,Mumbai,1,98,19,73,25,213120000.0,9,3,10178000.0,10747000.0,4922000.0,36226300000.0,26296,29.6,76.7,18194.0,129598000.0,1
2.4,Technology,Kolkata,2,27,2,11,16,0.0,0,0,2053000.0,4732000.0,1974000.0,42873600000.0,1533,33.0,58.6,23037.0,21695000.0,0
2.0,EdTech,Delhi,4,26,21,11,15,450000000.0,5,5,4818000.0,4696000.0,2040000.0,79376200000.0,6033,9.3,65.2,16607.0,48824000.0,1
11.0,SaaS,Chennai,2,70,20,48,22,28670000.0,3,1,5126000.0,7484000.0,2906000.0,7979800000.0,6750,24.5,65.2,10139.0,54360000.0,1
8.9,AI/ML,Kolkata,4,71,23,49,22,47400000.0,4,2,5428000.0,6933000.0,1769000.0,44444600000.0,13209,36.0,61.8,24987.0,62786000.0,1
4.5,Logistics,Pune,3,46,21,25,21,0.0,0,0,5017000.0,5729000.0,1278000.0,42471000000.0,5797,-5.2,86.5,7181.0,58274000.0,1
1.7,Technology,Delhi,4,33,24,21,12,29600000.0,2,2,3754000.0,4235000.0,1205000.0,5559300000.0,7540,2.3,69.9,4800.0,42608000.0,1
1.7,SaaS,Mumbai,4,24,4,16,8,21180000.0,6,2,1925000.0,4045000.0,1111000.0,50733400000.0,6399,9.8,74.5,11673.0,24414000.0,1
13.5,EdTech,Bangalore,1,115,12,47,68,168020000.0,9,3,8999000.0,13243000.0,4142000.0,22984000000.0,13752,27.8,76.7,12697.0,112477000.0,1
3.3,Logistics,Chennai,4,32,22,19,13,0.0,0,0,2284000.0,5390000.0,1991000.0,8346200000.0,2116,22.1,74.9,8967.0,27463000.0,1
5.2,Technology,Pune,4,44,20,30,14,374420000.0,12,6,6595000.0,7032000.0,1808000.0,14332400000.0,9278,19.4,76.3,17433.0,78391000.0,1
3.8,Fintech,Delhi,2,37,18,19,18,450000000.0,10,5,4907000.0,8598000.0,4136000.0,65897100000.0,5139,-4.6,98.0,4719.0,72779000.0,0
5.6,SaaS,Chennai,3,36,1,18,18,369870000.0,12,4,4966000.0,5093000.0,2054000.0,8374800000.0,7843,37.2,81.5,12832.0,69282000.0,1
1.5,Logistics,Hyderabad,2,9,1,6,3,0.0,0,0,691000.0,2280000.0,344000.0,37380800000.0,478,7.0,59.1,12578.0,6276000.0,0
8.0,Technology,Bangalore,2,54,24,27,27,51360000.0,6,2,5654000.0,9490000.0,3646000.0,15662100000.0,12277,12.1,76.4,20621.0,70121000.0,1
1.5,SaaS,Delhi,3,22,14,8,14,73180000.0,6,2,1723000.0,5125000.0,2031000.0,13027500000.0,2389,22.3,73.5,23185.0,19518000.0,1
12.1,EdTech,Hyderabad,3,98,4,72,26,85650000.0,6,2,6932000.0,12140000.0,3124000.0,16496700000.0,17452,61.4,52.6,16632.0,64480000.0,1
3.9,Technology,Kolkata,4,39,5,23,16,80100000.0,3,3,3397000.0,5433000.0,1714000.0,39448000000.0,3563,3.9,38.6,7738.0,20581000.0,1
8.3,Technology,Mumbai,4,58,11,39,19,0.0,0,0,4023000.0,7528000.0,1476000.0,19061200000.0,14229,2.8,74.0,17287.0,44443000.0,1
13.3,Technology,Hyderabad,1,97,24,66,31,177960000.0,6,3,7368000.0,10063000.0,4155000.0,7783800000.0,8033,9.8,68.1,6397.0,74928000.0,1
9.9,CleanTech,Delhi,2,60,23,25,35,171620000.0,9,3,9384000.0,10823000.0,6036000.0,64122000000.0,16685,43.5,55.9,24169.0,94089000.0,1
8.2,Fintech,Other,3,72,13,33,39,232100000.0,9,3,7080000.0,10307000.0,3369000.0,43208700000.0,8000,21.3,64.4,20586.0,74514000.0,1
5.2,EdTech,Delhi,4,47,16,23,24,32220000.0,1,1,4521000.0,7337000.0,3067000.0,12590400000.0,7671,26.3,68.4,10865.0,49817000.0,1
5.3,Logistics,Other,3,46,24,23,23,9070000.0,1,1,6624000.0,5247000.0,1616000.0,37740800000.0,15565,35.8,63.8,19641.0,74130000.0,1
10.2,CleanTech,Kolkata,4,76,13,47,29,67570000.0,6,3,7011000.0,8678000.0,3939000.0,5515600000.0,6633,42.8,75.8,10305.0,91582000.0,1
14.9,FoodTech,Mumbai,1,103,24,63,40,27860000.0,3,1,8141000.0,13758000.0,5349000.0,46455400000.0,23948,3.3,74.5,2004.0,95253000.0,1
10.1,CleanTech,Other,1,86,22,49,37,33710000.0,1,1,7498000.0,11010000.0,3515000.0,27257400000.0,26580,29.5,83.2,17713.0,105259000.0,1
8.6,AI/ML,Other,3,37,2,17,20,87040000.0,2,2,3267000.0,5757000.0,2540000.0,8327100000.0,9902,43.4,88.2,10205.0,54669000.0,1
11.1,AI/ML,Hyderabad,1,109,16,58,51,60380000.0,6,2,8953000.0,14076000.0,4686000.0,14732300000.0,5620,22.5,81.0,23268.0,113956000.0,1
7.2,Technology,Hyderabad,3,81,6,47,34,25500000.0,3,1,9069000.0,10572000.0,2352000.0,27688900000.0,17201,-0.0,62.5,7768.0,82342000.0,1
1.4,CleanTech,Mumbai,4,23,14,12,11,11860000.0,3,1,1691000.0,3406000.0,1896000.0,64522300000.0,4958,-4.3,74.4,21107.0,19296000.0,1
8.7,FoodTech,Hyderabad,2,36,1,16,20,423660000.0,12,4,5410000.0,6103000.0,3530000.0,13941800000.0,11326,27.9,49.5,17059.0,42370000.0,1
14.4,CleanTech,Chennai,1,73,17,45,28,0.0,0,0,8683000.0,10666000.0,4093000.0,8817700000.0,14618,-7.4,65.4,21355.0,82487000.0,1
3.0,Fintech,Mumbai,4,94,11,40,54,238060000.0,9,3,7159000.0,12686000.0,4021000.0,41299300000.0,12568,0.1,36.4,7403.0,32027000.0,0
10.5,Fintech,Bangalore,2,69,19,36,33,62410000.0,2,2,8472000.0,8853000.0,3957000.0,44717800000.0,13655,7.2,67.1,11614.0,83498000.0,1
3.4,FoodTech,Other,2,22,3,14,8,0.0,0,0,2738000.0,3749000.0,1517000.0,7264800000.0,3876,24.2,64.5,20605.0,28096000.0,1
8.3,CleanTech,Delhi,2,47,11,19,28,182740000.0,8,4,3991000.0,7720000.0,2767000.0,22794500000.0,7016,30.8,81.7,16149.0,55348000.0,1
1.9,SaaS,Bangalore,4,16,5,9,7,200960000.0,9,3,2209000.0,3234000.0,1395000.0,21058000000.0,2810,2.4,58.5,9094.0,20688000.0,0
7.0,Fintech,Other,4,57,17,29,28,406580000.0,8,4,5618000.0,7865000.0,1967000.0,14938400000.0,10345,-10.0,74.4,12873.0,59112000.0,0
11.5,Fintech,Chennai,3,71,22,28,43,295620000.0,8,4,6693000.0,9930000.0,4730000.0,25285300000.0,16756,36.0,66.7,24903.0,76728000.0,1
5.5,Healthcare,Other,2,78,7,36,42,182980000.0,6,3,11186000.0,10923000.0,4445000.0,3016800000.0,22140,32.9,66.0,18585.0,122642000.0,1
10.1,CleanTech,Other,2,65,10,47,18,28160000.0,6,2,4248000.0,6174000.0,1458000.0,52141400000.0,6424,28.3,61.2,15421.0,41535000.0,1
12.0,Fintech,Other,2,80,11,46,34,233140000.0,12,4,8108000.0,11150000.0,2895000.0,79079500000.0,11970,26.3,76.2,20724.0,107771000.0,1
13.9,EdTech,Kolkata,3,63,3,47,16,228320000.0,6,3,6440000.0,6230000.0,2432000.0,50742000000.0,7274,9.3,69.7,11134.0,70715000.0,1
3.9,CleanTech,Chennai,2,32,20,18,14,0.0,0,0,2993000.0,4965000.0,2154000.0,28918100000.0,2948,14.1,58.6,23759.0,27493000.0,1
6.3,AI/ML,Pune,4,43,10,25,18,99770000.0,2,2,4432000.0,5395000.0,2280000.0,53449400000.0,6849,19.7,73.8,13868.0,56963000.0,1
2.7,Healthcare,Pune,2,24,10,12,12,0.0,0,0,1839000.0,3976000.0,1464000.0,45742700000.0,5708,-0.5,76.3,8273.0,18449000.0,0
14.9,Fintech,Pune,1,74,14,37,37,11690000.0,1,1,6307000.0,10985000.0,3381000.0,67748300000.0,14309,26.4,93.4,2288.0,102081000.0,1
13.9,Healthcare,Mumbai,4,110,12,53,57,46950000.0,2,2,10472000.0,10024000.0,4259000.0,49768900000.0,13285,20.6,63.9,9486.0,101443000.0,1
8.3,AI/ML,Hyderabad,3,54,15,28,26,62080000.0,6,2,3963000.0,6425000.0,1531000.0,50744400000.0,7101,15.0,66.6,14281.0,42526000.0,1
12.7,FoodTech,Chennai,2,61,10,34,27,8750000.0,2,1,5185000.0,9553000.0,2849000.0,17772100000.0,14215,38.1,53.9,17626.0,51609000.0,1
8.1,FoodTech,Bangalore,1,43,10,20,23,112830000.0,6,2,5407000.0,6355000.0,2355000.0,33279400000.0,5680,15.8,65.7,21897.0,52247000.0,1
9.5,CleanTech,Kolkata,3,58,19,27,31,94650000.0,2,2,4155000.0,5451000.0,1429000.0,27586100000.0,11762,32.5,57.2,23607.0,43432000.0,1
1.8,AI/ML,Bangalore,3,117,1,57,60,193390000.0,12,4,8758000.0,13052000.0,2945000.0,963400000.0,10479,-8.2,87.5,2696.0,110105000.0,0
11.5,E-commerce,Bangalore,4,69,24,38,31,48720000.0,6,2,7989000.0,8792000.0,2480000.0,25096800000.0,10609,36.5,79.2,15082.0,107288000.0,1
2.4,E-commerce,Bangalore,3,23,10,14,9,185580000.0,3,3,2615000.0,2726000.0,636000.0,38910700000.0,5683,31.3,56.9,16715.0,25753000.0,1
12.5,CleanTech,Kolkata,3,67,2,46,21,128070000.0,6,3,5165000.0,7552000.0,2882000.0,48007900000.0,18059,65.6,58.3,4426.0,59851000.0,1
11.8,Technology,Pune,3,66,17,33,33,41370000.0,6,2,4539000.0,8756000.0,3472000.0,74768800000.0,6029,53.2,64.3,13708.0,59644000.0,1
10.8,Healthcare,Bangalore,3,66,24,30,36,129350000.0,9,3,10911000.0,10050000.0,3478000.0,19167100000.0,22353,38.6,90.2,8471.0,172221000.0,1
1.0,Healthcare,Kolkata,2,12,7,6,6,108430000.0,2,2,1517000.0,3807000.0,1979000.0,12236700000.0,641,6.1,63.5,2074.0,15488000.0,0
4.9,FoodTech,Kolkata,2,30,7,21,9,7060000.0,2,1,2246000.0,3345000.0,1453000.0,69562200000.0,1696,-1.5,69.5,1787.0,23391000.0,0
4.3,E-commerce,Hyderabad,2,34,20,13,21,16050000.0,1,1,2529000.0,5263000.0,2587000.0,75350700000.0,6495,2.0,93.5,19016.0,36238000.0,1
5.7,Logistics,Kolkata,2,30,9,19,11,0.0,0,0,2427000.0,5245000.0,1984000.0,39061900000.0,7313,29.2,77.8,15444.0,31738000.0,1
1.8,Fintech,Pune,1,49,22,27,22,39340000.0,9,3,3837000.0,5253000.0,1417000.0,9261600000.0,3156,46.5,51.7,17921.0,34526000.0,1
14.1,Fintech,Bangalore,2,60,2,27,33,110450000.0,4,2,6940000.0,10417000.0,4680000.0,38856800000.0,9595,-8.6,46.4,17179.0,47767000.0,0
8.5,Fintech,Kolkata,3,67,14,34,33,294350000.0,5,5,6337000.0,7431000.0,2407000.0,8800000000.0,3129,-0.6,73.3,3488.0,66331000.0,1
4.9,FoodTech,Mumbai,2,57,17,27,30,10690000.0,3,1,7338000.0,8230000.0,4050000.0,70660700000.0,16357,18.7,98.0,3916.0,109596000.0,1
6.3,AI/ML,Kolkata,2,37,1,26,11,0.0,0,0,4749000.0,7430000.0,2912000.0,56666600000.0,6406,-7.0,91.0,6424.0,63036000.0,1
7.0,SaaS,Delhi,4,40,9,22,18,51410000.0,9,3,2971000.0,3176000.0,644000.0,19328900000.0,3442,8.7,77.3,10068.0,34572000.0,1
9.2,E-commerce,Delhi,3,55,20,32,23,73370000.0,6,3,4144000.0,7648000.0,2960000.0,70940900000.0,5853,45.4,83.0,23489.0,61532000.0,1
8.0,E-commerce,Delhi,2,68,21,41,27,41630000.0,3,3,9313000.0,9464000.0,3447000.0,51050200000.0,14534,33.9,84.0,16896.0,127479000.0,1
13.8,Logistics,Kolkata,2,84,19,52,32,15080000.0,2,1,7629000.0,8769000.0,3423000.0,76263400000.0,19797,36.2,49.1,6491.0,68977000.0,1
7.7,Healthcare,Pune,2,49,4,28,21,6350000.0,2,1,4420000.0,6824000.0,2227000.0,78439400000.0,10124,-3.7,74.9,1541.0,42879000.0,1
14.9,Technology,Bangalore,1,66,8,26,40,25770000.0,3,1,7176000.0,9937000.0,4342000.0,312400000.0,13644,-10.0,90.4,17153.0,94460000.0,0
12.8,CleanTech,Chennai,2,100,13,51,49,102960000.0,2,2,8666000.0,9715000.0,2668000.0,9661100000.0,13296,8.6,98.0,15689.0,134601000.0,1
3.5,Healthcare,Chennai,4,18,4,8,10,228470000.0,3,3,2665000.0,4084000.0,1906000.0,43776400000.0,3519,-10.0,79.1,16943.0,30463000.0,1
14.0,AI/ML,Chennai,3,70,9,44,26,21470000.0,3,1,9383000.0,13475000.0,5714000.0,76470400000.0,13789,28.0,53.0,6640.0,88820000.0,1
2.2,CleanTech,Pune,3,23,9,9,14,0.0,0,0,1658000.0,2852000.0,845000.0,79539000000.0,4291,34.4,80.0,12997.0,22000000.0,1
12.4,E-commerce,Hyderabad,2,67,22,40,27,18000000.0,4,2,6261000.0,8807000.0,3041000.0,45414300000.0,12602,0.7,79.8,9138.0,81322000.0,1
6.0,AI/ML,Other,2,48,18,22,26,31410000.0,2,2,3100000.0,8616000.0,3200000.0,13945400000.0,3871,30.8,84.2,20470.0,43188000.0,1
13.2,CleanTech,Mumbai,2,83,12,60,23,99660000.0,3,3,8862000.0,10689000.0,5081000.0,13085800000.0,10385,30.7,77.7,1875.0,120484000.0,1
13.1,Logistics,Mumbai,3,86,10,44,42,28670000.0,3,1,6658000.0,9085000.0,2613000.0,61120400000.0,16971,-6.7,98.0,6995.0,100988000.0,1
12.2,Logistics,Delhi,3,89,11,45,44,109900000.0,6,2,10321000.0,14019000.0,5328000.0,47375400000.0,14175,9.2,74.7,15133.0,119345000.0,1
12.0,EdTech,Delhi,1,63,7,45,18,23540000.0,3,1,5028000.0,8229000.0,3564000.0,43924500000.0,15652,7.7,72.8,5250.0,54998000.0,1
4.9,SaaS,Kolkata,4,41,9,22,19,57450000.0,2,2,3331000.0,7265000.0,2772000.0,37287900000.0,3329,38.5,68.3,16867.0,41361000.0,1
1.7,Logistics,Chennai,1,12,6,8,4,0.0,0,0,1223000.0,2550000.0,998000.0,58024500000.0,1702,34.1,73.4,3549.0,15181000.0,1
6.3,E-commerce,Kolkata,4,50,19,20,30,0.0,0,0,3893000.0,6302000.0,2201000.0,68651400000.0,7487,30.6,75.9,717.0,48744000.0,1
3.0,Technology,Other,1,27,16,13,14,0.0,0,0,2119000.0,3694000.0,749000.0,24271500000.0,3675,5.7,73.7,21608.0,24760000.0,1
10.6,Fintech,Chennai,3,61,15,38,23,146130000.0,6,3,10460000.0,6651000.0,3057000.0,17712400000.0,22320,48.0,83.0,8436.0,162295000.0,1
5.5,EdTech,Delhi,1,33,7,23,10,28370000.0,2,2,2492000.0,3242000.0,1029000.0,53632400000.0,4236,22.0,43.0,4048.0,17627000.0,0
14.6,Fintech,Bangalore,4,79,16,38,41,43460000.0,6,3,10742000.0,9780000.0,3299000.0,73182900000.0,15165,28.9,70.1,4442.0,127995000.0,1
9.8,SaaS,Hyderabad,2,55,5,39,16,95770000.0,4,2,4927000.0,7709000.0,2111000.0,27885200000.0,13099,56.1,79.2,22165.0,73721000.0,1
12.4,CleanTech,Kolkata,4,97,16,58,39,152020000.0,6,3,14467000.0,12205000.0,4363000.0,21832200000.0,25964,32.6,75.9,16413.0,187482000.0,1
2.4,FoodTech,Hyderabad,2,17,1,11,6,0.0,0,0,1965000.0,2265000.0,594000.0,18127900000.0,2918,15.4,54.2,23915.0,16810000.0,0
13.0,Logistics,Hyderabad,3,126,19,67,59,63090000.0,2,2,11463000.0,15236000.0,5945000.0,20396500000.0,22542,7.0,79.4,20031.0,133056000.0,1
13.9,Technology,Hyderabad,4,80,5,37,43,33730000.0,3,1,6041000.0,11374000.0,3088000.0,10837900000.0,14270,-10.0,72.7,19223.0,60706000.0,1
7.6,SaaS,Delhi,1,46,7,33,13,16550000.0,2,1,3043000.0,5649000.0,2046000.0,47762400000.0,2535,-10.0,82.7,12571.0,36037000.0,1
9.3,Fintech,Mumbai,4,67,19,48,19,58550000.0,9,3,13072000.0,8698000.0,3947000.0,22502000000.0,22210,36.8,80.1,20547.0,196848000.0,0
11.6,EdTech,Delhi,2,65,22,37,28,136600000.0,3,3,8331000.0,7955000.0,4563000.0,49214800000.0,12736,-10.0,76.5,10404.0,86531000.0,1
3.0,Logistics,Hyderabad,3,43,5,17,26,0.0,0,0,3961000.0,7088000.0,1767000.0,6688400000.0,7333,40.2,72.0,20701.0,49537000.0,1
7.8,E-commerce,Delhi,1,57,17,24,33,18680000.0,4,2,5216000.0,6399000.0,1850000.0,9280800000.0,14925,35.7,76.0,18980.0,65641000.0,1
6.3,Logistics,Hyderabad,4,106,22,63,43,14970000.0,2,1,6903000.0,9912000.0,3281000.0,42914500000.0,20997,-1.0,76.0,17009.0,71167000.0,1
2.6,EdTech,Pune,2,31,8,12,19,58520000.0,6,2,4410000.0,4390000.0,1458000.0,40946900000.0,8265,22.0,90.6,8343.0,68920000.0,1
5.8,EdTech,Chennai,1,50,1,26,24,136630000.0,3,3,5676000.0,5934000.0,2026000.0,21757200000.0,5198,30.7,98.0,15823.0,96469000.0,1
1.5,FoodTech,Mumbai,3,31,2,15,16,14050000.0,1,1,2322000.0,4350000.0,1078000.0,66179100000.0,6985,20.0,57.0,12744.0,23213000.0,1
0.9,Logistics,Pune,1,21,15,13,8,87080000.0,6,2,2133000.0,4454000.0,2425000.0,15004400000.0,1432,45.1,34.9,11619.0,11426000.0,1
2.5,Logistics,Bangalore,3,30,20,12,18,240880000.0,3,3,3133000.0,5396000.0,1917000.0,28884900000.0,1735,-10.0,64.6,24758.0,29983000.0,0
14.5,FoodTech,Delhi,1,80,18,45,35,234220000.0,6,3,12678000.0,13189000.0,4766000.0,44463200000.0,20963,29.1,58.8,12684.0,140017000.0,1
8.5,AI/ML,Bangalore,4,52,11,31,21,450000000.0,10,5,7177000.0,7187000.0,1566000.0,69383500000.0,11462,4.6,83.8,945.0,95524000.0,1
14.5,AI/ML,Kolkata,2,70,10,43,27,70360000.0,6,2,7546000.0,6144000.0,2065000.0,33513200000.0,10357,-10.0,92.9,15718.0,102555000.0,1
6.8,CleanTech,Delhi,4,80,24,43,37,103680000.0,6,2,9777000.0,9666000.0,2313000.0,31918100000.0,11999,-7.5,83.4,18241.0,114423000.0,1
5.0,AI/ML,Other,4,50,24,25,25,30080000.0,3,1,5818000.0,7569000.0,3074000.0,46384000000.0,10511,6.5,67.6,22147.0,64962000.0,1
7.8,Healthcare,Other,3,91,4,58,33,215930000.0,6,3,15714000.0,12397000.0,4968000.0,25369800000.0,24832,18.5,82.3,15872.0,205076000.0,1
6.9,Logistics,Chennai,3,56,5,39,17,33900000.0,6,2,4274000.0,7895000.0,2672000.0,56748400000.0,7062,-1.8,89.0,634.0,57674000.0,1
2.0,Technology,Pune,3,23,4,14,9,20070000.0,2,2,2097000.0,4131000.0,2199000.0,19933200000.0,1576,6.9,81.3,3126.0,25278000.0,1
9.8,Logistics,Chennai,4,93,13,67,26,34500000.0,3,1,13467000.0,15749000.0,6098000.0,65864500000.0,21975,9.3,79.7,4157.0,167088000.0,1
3.6,Healthcare,Kolkata,1,35,13,22,13,117660000.0,2,2,2906000.0,4993000.0,1992000.0,21824700000.0,3856,-1.4,70.4,5400.0,31913000.0,1
9.5,Healthcare,Hyderabad,1,85,18,56,29,21930000.0,2,1,6273000.0,8190000.0,1586000.0,79416500000.0,6106,5.5,54.9,20024.0,55771000.0,1
9.9,Fintech,Chennai,4,65,24,29,36,121150000.0,2,2,9843000.0,11493000.0,5030000.0,25351200000.0,14352,30.6,87.4,7848.0,146897000.0,1
2.7,Logistics,Chennai,4,19,2,10,9,0.0,0,0,1353000.0,3400000.0,1328000.0,70312100000.0,4731,54.3,95.7,7912.0,25624000.0,1
1.4,SaaS,Other,2,26,16,14,12,148260000.0,3,3,3145000.0,3822000.0,1855000.0,31818600000.0,4449,22.6,52.7,18926.0,27060000.0,1
11.8,Healthcare,Hyderabad,3,59,1,28,31,16680000.0,2,1,8242000.0,7386000.0,3939000.0,19722100000.0,15732,20.9,82.7,10399.0,116579000.0,1
7.2,Technology,Other,3,56,19,32,24,276300000.0,4,4,4918000.0,7730000.0,2664000.0,18131800000.0,6322,16.2,60.8,1756.0,46739000.0,1
1.3,FoodTech,Delhi,4,22,9,11,11,248260000.0,4,4,2875000.0,4865000.0,2021000.0,68022800000.0,1029,9.4,78.5,14690.0,33496000.0,1
14.9,CleanTech,Hyderabad,4,67,3,42,25,121230000.0,6,2,6082000.0,6973000.0,2371000.0,24734800000.0,9451,30.7,52.4,3382.0,53802000.0,1
1.3,Fintech,Pune,1,50,7,28,22,19710000.0,3,1,3424000.0,5470000.0,1905000.0,27118100000.0,2934,39.6,82.9,14356.0,47287000.0,1
10.6,FoodTech,Chennai,4,63,10,35,28,104740000.0,6,2,6428000.0,8076000.0,3444000.0,15799600000.0,8973,-7.6,78.0,19524.0,73667000.0,1
14.8,Fintech,Other,1,67,1,49,18,29410000.0,1,1,6697000.0,10210000.0,4314000.0,76907900000.0,11266,40.8,83.6,23248.0,99757000.0,1
4.0,Technology,Hyderabad,4,39,10,20,19,51600000.0,3,3,7044000.0,6752000.0,2967000.0,19617300000.0,12651,53.8,81.1,1816.0,108609000.0,1
2.6,EdTech,Kolkata,2,49,21,25,24,26500000.0,4,2,5754000.0,5393000.0,1379000.0,19833100000.0,9740,-4.2,74.6,7704.0,63130000.0,1
2.3,Logistics,Kolkata,2,64,9,32,32,24790000.0,1,1,6025000.0,8001000.0,3311000.0,75514600000.0,11619,38.3,83.0,16364.0,87041000.0,1
4.9,E-commerce,Chennai,1,41,15,29,12,44480000.0,2,2,4114000.0,6280000.0,2960000.0,72076900000.0,5396,54.0,65.8,7989.0,50629000.0,1
2.0,SaaS,Pune,3,21,15,12,9,0.0,0,0,2358000.0,2886000.0,1633000.0,19950400000.0,3613,33.7,80.1,11358.0,33960000.0,1
10.5,FoodTech,Bangalore,2,53,3,32,21,0.0,0,0,7150000.0,5811000.0,2015000.0,69184800000.0,10563,14.1,64.3,649.0,77003000.0,1
1.4,Logistics,Other,1,19,5,8,11,0.0,0,0,1727000.0,2932000.0,1815000.0,20023400000.0,2052,35.1,80.8,17383.0,25341000.0,1
7.9,SaaS,Pune,4,72,9,42,30,0.0,0,0,7592000.0,9312000.0,3234000.0,6802900000.0,14583,0.1,69.3,22100.0,70384000.0,1
15.0,EdTech,Mumbai,4,85,22,42,43,13460000.0,3,1,6806000.0,8486000.0,3554000.0,65637900000.0,10332,11.1,78.8,24425.0,88106000.0,1
12.3,E-commerce,Mumbai,1,102,9,66,36,7650000.0,1,1,14936000.0,13178000.0,5311000.0,61736100000.0,24504,1.9,68.0,20789.0,158856000.0,0
9.4,SaaS,Mumbai,3,65,23,44,21,246490000.0,9,3,7894000.0,8606000.0,3081000.0,23608600000.0,8628,-10.0,68.3,940.0,85313000.0,1
4.9,SaaS,Chennai,1,79,7,51,28,0.0,0,0,5655000.0,8327000.0,1398000.0,7256600000.0,20467,18.9,68.9,16349.0,61929000.0,1
9.5,FoodTech,Kolkata,1,57,24,37,20,32040000.0,3,1,7002000.0,6790000.0,2498000.0,16554800000.0,12036,24.7,53.4,12467.0,61262000.0,1
8.1,AI/ML,Delhi,2,85,23,49,36,246620000.0,6,3,10255000.0,10428000.0,5512000.0,61696000000.0,17635,32.6,84.1,23457.0,149705000.0,1
6.7,E-commerce,Other,1,76,12,49,27,391500000.0,8,4,7206000.0,11631000.0,3403000.0,77181600000.0,12534,-10.0,72.6,22568.0,66233000.0,1
2.4,Logistics,Kolkata,1,65,9,35,30,0.0,0,0,7779000.0,6601000.0,2175000.0,20757200000.0,16685,22.0,54.0,24703.0,58599000.0,1
13.4,EdTech,Delhi,4,58,6,36,22,98780000.0,4,2,5059000.0,6675000.0,1505000.0,65469800000.0,12173,19.7,64.4,21569.0,53995000.0,1
7.0,E-commerce,Delhi,2,49,23,24,25,33470000.0,2,2,5855000.0,6660000.0,1798000.0,18273200000.0,9553,-6.0,63.6,13740.0,50956000.0,0
3.3,Technology,Kolkata,4,30,2,12,18,7840000.0,1,1,2156000.0,4227000.0,1836000.0,54384100000.0,2596,8.2,77.6,17915.0,24579000.0,1
5.8,AI/ML,Other,4,30,9,16,14,226180000.0,9,3,3220000.0,4048000.0,1243000.0,6734900000.0,3968,34.6,69.1,24122.0,39444000.0,1
6.5,Technology,Chennai,3,40,17,22,18,71950000.0,4,4,2957000.0,3677000.0,964000.0,46844400000.0,4239,20.1,84.7,14516.0,38619000.0,1
12.5,EdTech,Pune,3,54,1,26,28,246870000.0,3,3,7164000.0,6562000.0,2840000.0,21571700000.0,13186,17.6,55.3,21023.0,66632000.0,1
11.1,FoodTech,Delhi,2,70,19,45,25,181800000.0,9,3,5623000.0,9772000.0,3886000.0,74071400000.0,5594,37.6,78.1,23564.0,74584000.0,1
11.7,FoodTech,Bangalore,2,63,6,26,37,213270000.0,8,4,12433000.0,11471000.0,6923000.0,23215600000.0,22040,68.9,77.0,14328.0,182480000.0,1
0.7,EdTech,Kolkata,3,7,5,3,4,0.0,0,0,436000.0,1798000.0,862000.0,31905300000.0,960,12.7,66.1,4105.0,4649000.0,1
6.5,Fintech,Kolkata,3,30,2,19,11,0.0,0,0,2513000.0,4200000.0,1968000.0,67262300000.0,2098,23.4,75.6,4016.0,29944000.0,1
7.5,EdTech,Mumbai,3,47,9,25,22,396700000.0,10,5,6091000.0,6949000.0,2706000.0,35090100000.0,5971,-1.6,71.5,3016.0,70133000.0,1
0.8,AI/ML,Pune,3,27,14,17,10,91700000.0,6,2,3780000.0,3730000.0,764000.0,19111100000.0,4598,65.2,88.9,11987.0,64996000.0,1
4.3,Healthcare,Mumbai,3,22,4,13,9,0.0,0,0,1680000.0,5541000.0,2045000.0,43826200000.0,3835,6.1,73.2,12082.0,18938000.0,1
11.5,FoodTech,Kolkata,4,56,4,41,15,50480000.0,9,3,3994000.0,8246000.0,2796000.0,67207300000.0,7017,-10.0,87.9,15492.0,51554000.0,1
2.5,CleanTech,Kolkata,2,62,21,37,25,50310000.0,2,2,6107000.0,10691000.0,4411000.0,34682600000.0,8355,31.7,83.7,12149.0,90881000.0,1
8.3,AI/ML,Delhi,4,147,15,59,88,50320000.0,4,2,17468000.0,15232000.0,6188000.0,10674400000.0,29248,-10.0,54.6,24330.0,132050000.0,1
3.6,AI/ML,Pune,4,86,8,45,41,18320000.0,4,2,7756000.0,10123000.0,4373000.0,30677800000.0,15803,46.5,70.8,7389.0,102288000.0,1
0.7,AI/ML,Hyderabad,1,38,4,17,21,0.0,0,0,2420000.0,4356000.0,1131000.0,76360300000.0,6911,31.0,83.6,21864.0,35490000.0,1
4.0,SaaS,Bangalore,4,36,16,26,10,51960000.0,2,2,3704000.0,5963000.0,2814000.0,5808100000.0,7479,-4.6,75.4,2643.0,43742000.0,0
14.7,AI/ML,Other,3,93,21,40,53,93420000.0,4,2,6808000.0,10762000.0,2757000.0,32705200000.0,7249,32.8,73.1,15108.0,84072000.0,1
12.1,FoodTech,Delhi,3,59,4,31,28,171380000.0,6,3,5581000.0,9460000.0,3872000.0,51859900000.0,7960,10.7,74.0,16261.0,67031000.0,1
14.4,Healthcare,Kolkata,1,86,16,41,45,42380000.0,6,2,8240000.0,11430000.0,3837000.0,6327500000.0,13651,27.4,80.5,19340.0,114118000.0,1
7.6,Healthcare,Other,1,53,22,36,17,279900000.0,12,4,6541000.0,6641000.0,3483000.0,27629000000.0,6874,-10.0,66.6,12650.0,63800000.0,0
2.1,AI/ML,Delhi,1,31,12,15,16,296130000.0,12,4,4011000.0,5434000.0,1269000.0,75249200000.0,1737,-10.0,68.0,5051.0,34636000.0,0
8.4,Technology,Bangalore,1,57,16,42,15,149390000.0,6,3,4476000.0,6152000.0,1223000.0,2499300000.0,4386,25.0,83.7,9320.0,65332000.0,1
7.1,FoodTech,Kolkata,1,43,19,17,26,20640000.0,3,1,5101000.0,6451000.0,2933000.0,60151800000.0,8735,59.4,74.9,6913.0,75280000.0,1
12.7,FoodTech,Bangalore,4,80,8,35,45,0.0,0,0,5208000.0,9759000.0,3205000.0,67317900000.0,3897,3.8,69.5,10565.0,56940000.0,0
1.9,E-commerce,Other,1,12,6,5,7,0.0,0,0,835000.0,2264000.0,634000.0,22201000000.0,1146,2.1,72.5,13320.0,8912000.0,0
7.6,Logistics,Hyderabad,4,43,10,29,14,57680000.0,2,2,3880000.0,5188000.0,1434000.0,17216400000.0,3907,10.5,79.2,15683.0,51469000.0,1
2.7,Fintech,Delhi,2,14,5,9,5,278320000.0,15,5,2796000.0,1933000.0,903000.0,73189900000.0,1798,-10.0,71.8,21151.0,28677000.0,0
5.2,Fintech,Chennai,1,42,18,17,25,79250000.0,4,2,3822000.0,4633000.0,1056000.0,61131900000.0,2315,30.2,74.2,22764.0,49250000.0,1
11.2,Technology,Delhi,1,53,10,21,32,30690000.0,3,1,7465000.0,4550000.0,1865000.0,9114800000.0,13285,37.8,48.0,11645.0,58616000.0,1
7.4,Fintech,Mumbai,4,74,10,48,26,117480000.0,6,3,6607000.0,7342000.0,2532000.0,17015200000.0,20904,28.6,75.4,2353.0,83306000.0,1
6.0,E-commerce,Pune,2,37,7,16,21,91550000.0,2,2,3489000.0,5820000.0,1436000.0,49727300000.0,7968,14.3,70.2,19957.0,39221000.0,0
6.2,EdTech,Pune,4,48,18,21,27,29350000.0,1,1,6018000.0,8860000.0,3639000.0,33582400000.0,9708,-4.5,84.9,12007.0,72437000.0,1
7.2,Fintech,Mumbai,4,36,1,14,22,39530000.0,6,2,4602000.0,7774000.0,2947000.0,40358700000.0,10299,63.4,71.3,13729.0,61743000.0,1
11.9,FoodTech,Kolkata,1,68,7,28,40,388620000.0,8,4,7294000.0,6721000.0,2295000.0,76125800000.0,9875,-0.9,92.8,14955.0,103076000.0,1
13.4,EdTech,Pune,3,93,21,45,48,51390000.0,9,3,7387000.0,10161000.0,3896000.0,33647800000.0,7885,-1.4,80.6,16747.0,92609000.0,1
14.4,Fintech,Bangalore,3,74,1,31,43,231560000.0,9,3,8012000.0,10265000.0,2277000.0,70540500000.0,6574,-10.0,61.6,22269.0,64864000.0,0
11.9,FoodTech,Other,4,80,15,42,38,34510000.0,4,2,7323000.0,13055000.0,4039000.0,52876500000.0,7683,-10.0,54.7,23811.0,65789000.0,0
5.1,FoodTech,Other,1,59,4,40,19,0.0,0,0,4211000.0,6346000.0,2055000.0,9773500000.0,3558,25.7,70.8,23513.0,48071000.0,1
10.5,AI/ML,Pune,2,87,20,44,43,280800000.0,8,4,15218000.0,12215000.0,4790000.0,59573300000.0,21896,8.6,72.4,20265.0,163785000.0,1
6.8,Healthcare,Pune,3,52,10,34,18,112020000.0,4,2,7466000.0,6473000.0,2886000.0,41640700000.0,11792,-1.0,48.2,22248.0,59450000.0,1
4.2,Technology,Mumbai,2,38,23,16,22,91540000.0,6,3,2779000.0,7294000.0,2573000.0,18046500000.0,2389,0.4,71.3,1384.0,30733000.0,1
12.7,E-commerce,Kolkata,3,73,9,46,27,27910000.0,1,1,5232000.0,5058000.0,1066000.0,23199500000.0,12221,6.7,67.4,21250.0,57033000.0,1
1.1,SaaS,Hyderabad,1,16,2,8,8,26310000.0,1,1,1613000.0,2979000.0,949000.0,44608700000.0,2286,3.4,74.8,1946.0,17694000.0,0
13.6,Logistics,Pune,4,84,14,55,29,9790000.0,1,1,8526000.0,9427000.0,4678000.0,48156100000.0,22953,48.9,98.0,18693.0,154838000.0,1
7.2,Fintech,Chennai,2,68,16,30,38,19380000.0,2,1,8255000.0,9043000.0,3342000.0,77455700000.0,12441,9.8,48.6,4359.0,73384000.0,1
9.7,Fintech,Pune,2,59,1,42,17,19450000.0,2,1,5338000.0,6706000.0,2082000.0,68384900000.0,4727,21.2,85.2,9099.0,72450000.0,1
10.1,EdTech,Hyderabad,4,70,2,33,37,0.0,0,0,5806000.0,9818000.0,4088000.0,16506900000.0,14916,19.3,78.8,4727.0,76712000.0,1
13.5,EdTech,Mumbai,2,60,7,31,29,205160000.0,9,3,8359000.0,8982000.0,3874000.0,61930700000.0,12086,20.0,65.0,11170.0,85599000.0,1
9.7,Logistics,Hyderabad,3,47,10,34,13,236810000.0,3,3,5733000.0,7783000.0,3013000.0,712900000.0,7821,9.8,72.3,10382.0,61922000.0,1
9.4,Fintech,Mumbai,4,59,22,35,24,26500000.0,1,1,4984000.0,6133000.0,1922000.0,10428200000.0,7904,7.6,84.8,1344.0,64946000.0,1
1.5,CleanTech,Bangalore,3,56,20,29,27,34190000.0,3,1,9188000.0,7202000.0,2179000.0,16016000000.0,17793,32.1,73.6,20788.0,115947000.0,1
8.0,E-commerce,Mumbai,3,58,1,42,16,0.0,0,0,7096000.0,6855000.0,4067000.0,47796100000.0,15554,22.8,44.9,21377.0,52096000.0,1
2.7,Fintech,Bangalore,1,38,13,19,19,21300000.0,2,2,4014000.0,4938000.0,2320000.0,15615100000.0,6269,1.3,77.1,19720.0,46549000.0,1
11.2,Healthcare,Bangalore,3,63,1,27,36,110790000.0,4,2,4425000.0,8751000.0,2633000.0,29253600000.0,2343,-10.0,82.1,21213.0,56913000.0,1
7.9,Logistics,Mumbai,1,55,5,41,14,111200000.0,2,2,5665000.0,5948000.0,3064000.0,19460200000.0,7521,4.6,66.2,18809.0,62255000.0,0
10.4,CleanTech,Chennai,2,97,16,47,50,28600000.0,4,2,8099000.0,14086000.0,3927000.0,27026500000.0,16331,-10.0,84.1,23446.0,98279000.0,1
1.1,E-commerce,Delhi,2,43,15,30,13,113600000.0,3,3,3704000.0,7202000.0,2917000.0,75399000000.0,2715,-2.3,85.2,14473.0,47024000.0,1
1.7,Fintech,Mumbai,1,35,17,16,19,0.0,0,0,2497000.0,5187000.0,991000.0,79790200000.0,3949,-10.0,90.3,14629.0,34112000.0,1
10.9,SaaS,Pune,3,78,23,51,27,30840000.0,6,2,7094000.0,8501000.0,2551000.0,54873500000.0,8983,43.5,86.0,21519.0,112035000.0,1
1.5,AI/ML,Chennai,4,22,16,12,10,45350000.0,6,2,1798000.0,3433000.0,1201000.0,45806000000.0,3502,43.4,98.0,8833.0,31832000.0,1
1.5,Healthcare,Chennai,4,32,13,23,9,88550000.0,4,2,2485000.0,4269000.0,1070000.0,56690400000.0,1965,34.7,88.3,1395.0,40845000.0,1
0.7,SaaS,Pune,1,19,11,11,8,34460000.0,2,1,1435000.0,1757000.0,676000.0,61743600000.0,1401,10.7,74.4,18784.0,16167000.0,1
14.4,EdTech,Delhi,2,73,17,29,44,350610000.0,4,4,9505000.0,11660000.0,5095000.0,59134100000.0,10227,3.4,83.2,6477.0,120375000.0,1
11.2,EdTech,Chennai,2,83,17,50,33,204600000.0,9,3,6480000.0,7885000.0,2814000.0,6597300000.0,17077,-10.0,73.8,11935.0,68061000.0,0
5.6,Fintech,Bangalore,4,34,2,15,19,0.0,0,0,4027000.0,5323000.0,2757000.0,24858000000.0,6715,38.1,68.5,6125.0,49415000.0,1
4.8,EdTech,Other,1,86,13,58,28,0.0,0,0,5746000.0,10171000.0,2732000.0,27507300000.0,15934,37.1,57.4,20703.0,54696000.0,1
5.6,Healthcare,Delhi,4,38,14,26,12,0.0,0,0,4721000.0,6421000.0,2657000.0,29571900000.0,10052,28.8,70.3,23964.0,57349000.0,1
11.7,E-commerce,Kolkata,3,65,11,36,29,121070000.0,2,2,6337000.0,7384000.0,3254000.0,27577900000.0,5855,-6.4,84.5,1517.0,77144000.0,0
10.1,FoodTech,Pune,3,57,10,38,19,19420000.0,2,1,3910000.0,7276000.0,2692000.0,62978000000.0,3780,10.6,60.8,5949.0,39386000.0,1
3.2,Technology,Delhi,1,17,3,7,10,0.0,0,0,1169000.0,3517000.0,1344000.0,59821000000.0,1648,15.4,77.9,4861.0,14424000.0,1
3.0,Logistics,Mumbai,1,33,17,18,15,379360000.0,12,4,4650000.0,6138000.0,2930000.0,417800000.0,6123,-10.0,67.3,16879.0,43501000.0,1
1.9,E-commerce,Other,3,24,15,12,12,5030000.0,3,1,3323000.0,3426000.0,1988000.0,23745700000.0,6532,49.4,72.7,10803.0,45441000.0,1
10.1,FoodTech,Delhi,2,50,9,30,20,247660000.0,9,3,4540000.0,4498000.0,1929000.0,49911900000.0,2664,-10.0,71.9,11488.0,47016000.0,0
11.6,CleanTech,Bangalore,1,59,10,24,35,54930000.0,2,2,6044000.0,7290000.0,2812000.0,9665200000.0,10710,0.8,75.5,4053.0,67912000.0,1
4.3,Healthcare,Other,3,27,8,17,10,0.0,0,0,2002000.0,4428000.0,703000.0,5742300000.0,5725,-10.0,98.0,10456.0,27909000.0,1
0.8,SaaS,Mumbai,3,39,21,16,23,67560000.0,9,3,3099000.0,6264000.0,1980000.0,66280400000.0,2188,13.5,65.5,7685.0,31550000.0,0
1.7,FoodTech,Hyderabad,2,17,13,10,7,222130000.0,9,3,2959000.0,3277000.0,895000.0,36242100000.0,3240,12.5,72.3,15338.0,36945000.0,0
14.5,Healthcare,Pune,2,86,18,34,52,450000000.0,15,5,8023000.0,8085000.0,3350000.0,68462200000.0,14361,39.6,69.8,5548.0,101173000.0,1
4.8,AI/ML,Other,2,44,5,30,14,67900000.0,8,4,5022000.0,6494000.0,2352000.0,65893000000.0,6210,-2.8,51.8,15428.0,40458000.0,0
11.7,SaaS,Pune,2,61,6,28,33,48200000.0,3,3,7157000.0,7938000.0,4524000.0,71475000000.0,8662,-5.9,84.9,9537.0,90591000.0,1
9.6,EdTech,Delhi,4,92,17,53,39,113350000.0,4,2,8079000.0,9439000.0,2660000.0,3909600000.0,22254,19.8,61.2,8755.0,81912000.0,1
6.0,EdTech,Chennai,2,51,11,25,26,8690000.0,2,1,5318000.0,8887000.0,3489000.0,14931100000.0,7205,-10.0,92.0,7743.0,68972000.0,1
3.5,SaaS,Mumbai,4,50,20,32,18,23630000.0,1,1,4762000.0,7759000.0,3686000.0,23726600000.0,12118,47.3,61.9,16895.0,51981000.0,1
2.3,CleanTech,Hyderabad,1,25,16,12,13,0.0,0,0,2181000.0,5275000.0,2105000.0,10941600000.0,2473,-10.0,78.2,14126.0,23970000.0,0
9.4,CleanTech,Mumbai,3,67,9,43,24,377010000.0,12,4,6841000.0,9790000.0,3396000.0,38863300000.0,7034,58.0,97.1,21315.0,127904000.0,1
11.7,CleanTech,Pune,4,75,2,37,38,160240000.0,3,3,10102000.0,12889000.0,5342000.0,63928200000.0,13835,0.6,79.2,6154.0,118152000.0,1
9.8,FoodTech,Mumbai,1,49,5,32,17,0.0,0,0,3203000.0,6502000.0,2161000.0,76097000000.0,1768,-10.0,64.6,1147.0,31715000.0,1
8.2,Logistics,Hyderabad,1,37,1,15,22,0.0,0,0,4023000.0,5535000.0,2461000.0,71171500000.0,5276,30.8,60.3,4673.0,44840000.0,1
1.1,FoodTech,Chennai,4,14,4,6,8,0.0,0,0,1322000.0,3553000.0,1519000.0,36614100000.0,1556,29.6,42.1,8682.0,8317000.0,0
14.5,Fintech,Delhi,1,81,4,46,35,156200000.0,8,4,6802000.0,9751000.0,2373000.0,50937500000.0,12813,30.1,67.6,4614.0,83764000.0,1
12.1,Technology,Bangalore,1,74,22,30,44,26270000.0,4,2,5278000.0,9266000.0,1953000.0,18494200000.0,9372,20.2,52.9,2225.0,42760000.0,1
4.7,SaaS,Mumbai,4,41,3,19,22,34260000.0,2,1,6693000.0,8902000.0,4381000.0,32270600000.0,12887,67.3,72.4,11217.0,93823000.0,1
14.7,E-commerce,Other,1,67,9,48,19,189220000.0,3,3,5909000.0,9587000.0,4018000.0,69701000000.0,5706,-10.0,66.8,16972.0,56986000.0,1
9.2,Technology,Bangalore,2,78,22,57,21,5360000.0,1,1,11636000.0,8286000.0,4030000.0,2384300000.0,18211,48.0,74.1,18827.0,145144000.0,1
8.9,AI/ML,Pune,2,58,23,38,20,26130000.0,2,1,6289000.0,7895000.0,2057000.0,42644100000.0,7084,-10.0,56.6,10058.0,48833000.0,1
11.3,FoodTech,Delhi,3,59,12,28,31,59630000.0,4,2,9183000.0,10498000.0,4358000.0,69830200000.0,18955,54.3,65.4,12029.0,112877000.0,1
12.3,FoodTech,Kolkata,1,70,10,34,36,245830000.0,9,3,7805000.0,11822000.0,4625000.0,9804700000.0,11438,25.8,80.0,18923.0,99769000.0,1
10.0,Healthcare,Delhi,3,42,2,26,16,0.0,0,0,3795000.0,4707000.0,1643000.0,78604600000.0,14162,52.3,76.8,8915.0,51610000.0,1
2.4,Technology,Mumbai,2,18,11,7,11,190070000.0,3,3,2382000.0,4368000.0,1721000.0,1040700000.0,991,37.6,47.0,19651.0,21844000.0,1
5.4,Healthcare,Other,2,34,10,24,10,82960000.0,2,2,2693000.0,2899000.0,1104000.0,70895300000.0,5110,-10.0,83.5,24189.0,32391000.0,1
14.0,E-commerce,Chennai,2,85,22,40,45,18670000.0,4,2,5816000.0,11778000.0,2902000.0,28326100000.0,3954,10.6,57.5,22030.0,55497000.0,1
3.8,Healthcare,Delhi,1,55,6,41,14,0.0,0,0,4602000.0,8970000.0,3429000.0,10658600000.0,9443,-9.6,50.7,11422.0,37926000.0,1
5.9,Technology,Mumbai,1,66,18,37,29,9190000.0,3,1,7422000.0,8896000.0,4342000.0,12630800000.0,8897,50.9,69.1,14551.0,97568000.0,1
6.8,SaaS,Mumbai,2,38,2,25,13,0.0,0,0,2653000.0,5167000.0,1258000.0,56109200000.0,6172,35.6,98.0,17953.0,44583000.0,1
6.9,AI/ML,Bangalore,3,29,2,11,18,0.0,0,0,3248000.0,4627000.0,2163000.0,69664000000.0,4217,21.3,67.5,8830.0,35073000.0,1
9.4,FoodTech,Delhi,3,57,10,40,17,433560000.0,15,5,8166000.0,8494000.0,3633000.0,51303300000.0,13516,8.9,73.5,20011.0,95824000.0,1
14.2,E-commerce,Mumbai,4,87,16,43,44,27560000.0,6,2,5584000.0,9630000.0,3155000.0,74301600000.0,6804,27.3,81.7,11007.0,78782000.0,1
4.0,FoodTech,Bangalore,2,31,12,19,12,247480000.0,3,3,4696000.0,3825000.0,1670000.0,67406200000.0,5408,-3.1,60.0,21194.0,42298000.0,1
2.3,Fintech,Other,3,11,1,7,4,0.0,0,0,841000.0,2771000.0,1037000.0,772100000.0,3361,24.2,76.4,6480.0,11011000.0,1
3.4,AI/ML,Hyderabad,2,35,21,16,19,23840000.0,1,1,2411000.0,4281000.0,1473000.0,53570900000.0,1803,15.3,60.6,433.0,23284000.0,0
13.4,Logistics,Other,3,82,8,45,37,208900000.0,9,3,12394000.0,13126000.0,4956000.0,24405500000.0,19912,0.0,79.9,15872.0,148631000.0,1
9.9,Healthcare,Kolkata,4,58,16,33,25,115530000.0,2,2,4311000.0,6893000.0,2480000.0,36387300000.0,3391,33.3,77.7,11379.0,56867000.0,1
4.6,EdTech,Bangalore,4,57,18,29,28,80510000.0,6,2,6586000.0,7627000.0,2675000.0,7567800000.0,19695,59.5,76.4,1637.0,92834000.0,1
12.3,Technology,Bangalore,2,65,13,36,29,12770000.0,3,1,6142000.0,9835000.0,4048000.0,22603800000.0,14148,-10.0,74.4,12267.0,62736000.0,1
13.0,FoodTech,Mumbai,3,66,15,33,33,30100000.0,1,1,9613000.0,10888000.0,3950000.0,50633200000.0,22767,38.8,98.0,4339.0,164215000.0,1
12.8,Healthcare,Pune,1,76,21,39,37,71500000.0,6,3,8233000.0,8999000.0,1917000.0,17509700000.0,10388,0.2,75.3,15799.0,96109000.0,1
13.8,E-commerce,Pune,4,73,12,46,27,40950000.0,3,3,6787000.0,8222000.0,3665000.0,51820600000.0,21203,30.8,79.5,11209.0,92271000.0,1
4.2,FoodTech,Chennai,2,23,8,14,9,0.0,0,0,1529000.0,4060000.0,1672000.0,73846400000.0,1577,4.4,77.2,4402.0,17736000.0,0
11.4,Logistics,Pune,2,55,10,26,29,450000000.0,12,6,6346000.0,7200000.0,4238000.0,445000000.0,7924,11.4,58.0,10387.0,57221000.0,1
7.2,AI/ML,Bangalore,3,43,14,30,13,51220000.0,6,3,3664000.0,6410000.0,2607000.0,62872400000.0,5113,13.6,61.2,5933.0,32370000.0,1
12.7,AI/ML,Chennai,2,56,5,39,17,271520000.0,4,4,6969000.0,7257000.0,3950000.0,51323400000.0,10186,47.9,56.8,16379.0,70323000.0,1
11.1,FoodTech,Other,4,65,18,37,28,32560000.0,6,2,4348000.0,9758000.0,3612000.0,3778300000.0,14131,16.0,61.0,7484.0,44301000.0,1
11.8,E-commerce,Mumbai,2,112,19,61,51,0.0,0,0,8998000.0,14473000.0,3890000.0,63223900000.0,7223,10.5,64.9,20577.0,86536000.0,1
10.0,AI/ML,Other,2,62,15,32,30,29580000.0,6,2,10554000.0,8923000.0,3211000.0,18000500000.0,17983,16.2,69.2,502.0,109286000.0,1
3.1,AI/ML,Delhi,1,32,6,20,12,0.0,0,0,4930000.0,4285000.0,1654000.0,21302400000.0,8859,59.7,69.0,10175.0,61709000.0,1
8.4,Logistics,Kolkata,1,49,11,31,18,27670000.0,2,1,3497000.0,4101000.0,1423000.0,7526600000.0,14265,30.3,80.1,15484.0,46884000.0,1
14.8,Technology,Kolkata,4,81,21,37,44,80540000.0,6,2,9200000.0,8314000.0,4015000.0,42773700000.0,18151,4.6,90.9,712.0,127749000.0,1
14.1,E-commerce,Bangalore,3,65,11,41,24,81490000.0,3,3,10782000.0,8770000.0,2844000.0,39883000000.0,19714,51.0,88.0,5514.0,176236000.0,1
1.1,E-commerce,Bangalore,1,30,20,14,16,94610000.0,4,2,2533000.0,5439000.0,2636000.0,27806600000.0,1765,22.0,75.9,8286.0,32586000.0,1
2.9,SaaS,Chennai,3,37,20,15,22,60040000.0,6,2,4480000.0,7652000.0,2953000.0,13541900000.0,5438,-1.0,60.4,693.0,39859000.0,1
2.4,SaaS,Mumbai,4,28,21,18,10,246430000.0,12,4,4289000.0,5404000.0,2401000.0,67044400000.0,3863,26.7,86.7,13735.0,64044000.0,1
11.0,AI/ML,Hyderabad,1,80,18,50,30,387170000.0,4,4,7142000.0,9746000.0,3625000.0,70116500000.0,5846,14.7,64.3,15827.0,69177000.0,1
12.4,EdTech,Bangalore,3,74,18,40,34,65240000.0,6,2,6296000.0,6902000.0,1984000.0,43269300000.0,7461,-10.0,78.1,5804.0,74222000.0,1
3.6,SaaS,Hyderabad,1,28,10,16,12,431080000.0,15,5,3989000.0,5588000.0,2466000.0,19575800000.0,6154,25.3,75.9,13656.0,51302000.0,1
7.8,AI/ML,Other,4,35,2,25,10,0.0,0,0,2460000.0,5182000.0,1084000.0,7734000000.0,2918,-5.7,57.1,24978.0,18061000.0,1
12.7,CleanTech,Hyderabad,4,70,9,42,28,18540000.0,2,1,7045000.0,9386000.0,2009000.0,69490100000.0,8401,-10.0,64.6,22190.0,65573000.0,0
11.1,Fintech,Pune,1,76,14,47,29,75990000.0,4,2,8277000.0,9301000.0,4818000.0,7729400000.0,8546,-10.0,79.2,1608.0,103497000.0,1
8.4,Fintech,Mumbai,3,53,19,22,31,273220000.0,8,4,5744000.0,9240000.0,3648000.0,1103700000.0,3266,20.8,69.9,3328.0,71752000.0,1
9.1,E-commerce,Kolkata,2,48,10,21,27,0.0,0,0,3177000.0,5082000.0,1079000.0,37578300000.0,9472,14.8,98.0,12436.0,49784000.0,0
7.9,EdTech,Kolkata,2,61,23,30,31,328700000.0,12,4,10657000.0,8233000.0,3965000.0,58515100000.0,14400,38.9,65.8,6243.0,126781000.0,1
4.8,Logistics,Hyderabad,1,24,4,14,10,324960000.0,4,4,5008000.0,4700000.0,2225000.0,36630100000.0,5859,0.5,57.9,2162.0,40810000.0,1
8.7,Technology,Kolkata,3,56,6,37,19,11410000.0,3,1,5570000.0,7770000.0,1297000.0,4160300000.0,6169,7.4,73.0,6476.0,59463000.0,0
10.5,SaaS,Other,2,67,14,34,33,65480000.0,12,4,9435000.0,7640000.0,2896000.0,55217800000.0,13856,61.6,67.5,1670.0,121118000.0,0
13.2,CleanTech,Mumbai,4,57,4,29,28,34970000.0,2,1,4894000.0,6926000.0,3081000.0,51404500000.0,6400,-10.0,48.0,13318.0,32458000.0,1
9.7,AI/ML,Pune,3,51,15,24,27,78170000.0,6,2,5108000.0,8038000.0,3706000.0,54538300000.0,17205,44.7,83.7,12333.0,77410000.0,1
11.5,EdTech,Mumbai,2,73,16,35,38,36320000.0,6,2,4775000.0,10438000.0,3106000.0,16935600000.0,9258,0.8,85.9,307.0,63249000.0,1
2.8,E-commerce,Bangalore,3,22,7,16,6,0.0,0,0,1451000.0,3975000.0,1334000.0,63666100000.0,5456,86.5,84.0,12141.0,25828000.0,1
7.2,SaaS,Hyderabad,1,43,17,26,17,170020000.0,3,3,4835000.0,4925000.0,1566000.0,38359500000.0,5354,33.9,76.5,13067.0,66411000.0,1
0.6,EdTech,Mumbai,3,38,19,17,21,0.0,0,0,2511000.0,7841000.0,2832000.0,42931400000.0,1593,4.2,70.1,15202.0,27539000.0,1
4.1,SaaS,Other,2,37,19,24,13,44200000.0,3,3,2874000.0,7075000.0,2572000.0,43689100000.0,2104,-10.0,74.4,24257.0,32252000.0,1
11.0,Technology,Kolkata,1,66,17,43,23,28950000.0,2,1,5137000.0,9872000.0,3075000.0,22980200000.0,15742,27.0,70.3,24570.0,63394000.0,1
14.9,Technology,Delhi,3,68,6,43,25,191280000.0,9,3,9418000.0,10490000.0,4465000.0,20048200000.0,11219,-10.0,63.1,13244.0,84225000.0,0
1.9,Logistics,Mumbai,4,31,11,13,18,0.0,0,0,2149000.0,5268000.0,1546000.0,431100000.0,4445,33.1,93.6,21153.0,32467000.0,1
6.3,Fintech,Hyderabad,2,43,16,23,20,23520000.0,4,2,3702000.0,4444000.0,1032000.0,31759000000.0,5392,-10.0,89.7,2266.0,45308000.0,1
12.1,Healthcare,Pune,1,106,8,46,60,237520000.0,12,4,9498000.0,9845000.0,3782000.0,38834000000.0,10501,-3.3,81.2,13349.0,116765000.0,1
3.5,Healthcare,Kolkata,3,41,11,28,13,0.0,0,0,2591000.0,4815000.0,1586000.0,59437200000.0,7139,-10.0,66.0,17021.0,24713000.0,1
8.5,SaaS,Pune,4,41,7,25,16,0.0,0,0,5386000.0,8208000.0,3807000.0,5376800000.0,10752,20.9,80.2,14184.0,76390000.0,1
11.1,Logistics,Hyderabad,2,71,24,41,30,46030000.0,4,2,8970000.0,11354000.0,4351000.0,73923000000.0,20160,24.1,68.7,5883.0,95393000.0,1
9.4,Healthcare,Kolkata,4,62,22,32,30,10260000.0,3,1,4933000.0,5330000.0,1955000.0,21153500000.0,5626,18.6,68.1,1707.0,56808000.0,1
3.2,E-commerce,Bangalore,3,39,19,18,21,57840000.0,6,2,4783000.0,4471000.0,1583000.0,29369300000.0,6526,-10.0,71.8,9759.0,49155000.0,1
5.7,Healthcare,Kolkata,3,58,10,25,33,118210000.0,6,2,6337000.0,7338000.0,1699000.0,3916600000.0,21017,49.6,78.2,16244.0,88372000.0,1
11.9,FoodTech,Bangalore,1,67,9,49,18,45220000.0,2,2,8937000.0,8761000.0,2474000.0,52268300000.0,13538,14.4,66.4,24794.0,102692000.0,1
8.5,AI/ML,Pune,4,38,4,17,21,0.0,0,0,3881000.0,4842000.0,1564000.0,56728400000.0,4601,6.5,70.1,6028.0,39880000.0,1
0.6,Logistics,Pune,1,36,23,15,21,14880000.0,1,1,5060000.0,5661000.0,2530000.0,74306900000.0,8478,35.7,90.4,22957.0,80497000.0,1
11.5,E-commerce,Hyderabad,2,58,15,42,16,67580000.0,2,2,5516000.0,8184000.0,4359000.0,26979500000.0,11593,8.3,48.6,1846.0,45159000.0,1
1.0,EdTech,Bangalore,1,37,13,21,16,30310000.0,2,1,2824000.0,7558000.0,2725000.0,20626600000.0,5829,27.7,86.2,23285.0,39885000.0,1
11.3,E-commerce,Pune,2,63,2,42,21,123280000.0,3,3,5174000.0,7957000.0,1092000.0,58100600000.0,3926,0.8,70.2,20834.0,49931000.0,0
3.4,Fintech,Bangalore,3,20,2,8,12,29180000.0,2,1,1870000.0,4689000.0,2170000.0,56558700000.0,4553,36.0,65.6,670.0,21958000.0,1
14.4,EdTech,Pune,3,75,16,44,31,29430000.0,4,2,5390000.0,7216000.0,2105000.0,74973100000.0,21168,35.4,67.8,7560.0,66619000.0,1
5.8,CleanTech,Kolkata,4,54,9,29,25,0.0,0,0,5024000.0,8681000.0,2502000.0,16465200000.0,14550,8.0,72.2,1416.0,55097000.0,0
5.2,AI/ML,Mumbai,2,54,13,36,18,36770000.0,4,2,4537000.0,7697000.0,2263000.0,56438100000.0,5688,21.3,85.0,24888.0,59814000.0,1
2.7,AI/ML,Other,3,19,3,7,12,0.0,0,0,1384000.0,2621000.0,1303000.0,5396100000.0,4176,17.5,74.5,10782.0,16855000.0,1
4.9,AI/ML,Delhi,4,32,9,17,15,33950000.0,4,2,2730000.0,5246000.0,2186000.0,38455400000.0,1691,15.2,65.1,16605.0,28080000.0,1
13.2,AI/ML,Other,4,75,13,50,25,37340000.0,2,2,9181000.0,11165000.0,3145000.0,9595300000.0,16794,-8.1,81.7,5970.0,99866000.0,1
14.9,SaaS,Kolkata,1,76,21,44,32,0.0,0,0,4768000.0,7982000.0,1614000.0,52269000000.0,3078,-5.0,70.7,23353.0,50809000.0,1
5.8,AI/ML,Chennai,4,42,22,24,18,335180000.0,5,5,5934000.0,6487000.0,2599000.0,48137300000.0,5304,9.5,79.4,6963.0,71575000.0,1
7.0,AI/ML,Other,3,31,2,13,18,191280000.0,9,3,3589000.0,5209000.0,1535000.0,3954200000.0,2076,19.5,75.8,6616.0,45486000.0,1
11.0,AI/ML,Mumbai,1,53,8,23,30,0.0,0,0,4214000.0,6173000.0,2100000.0,25603400000.0,8904,-1.4,57.1,7968.0,40712000.0,1
13.3,Logistics,Chennai,2,71,9,45,26,144000000.0,6,3,5636000.0,10072000.0,3541000.0,31632900000.0,9347,18.3,80.0,11643.0,73112000.0,1
9.1,SaaS,Pune,2,122,16,77,45,52140000.0,6,2,10544000.0,14226000.0,3466000.0,19882400000.0,21292,-10.0,49.0,611.0,74453000.0,0
6.2,Technology,Delhi,3,42,2,31,11,450000000.0,18,6,7135000.0,7452000.0,3872000.0,3141700000.0,7050,18.1,70.6,15006.0,82141000.0,1
6.5,E-commerce,Delhi,3,31,6,20,11,6310000.0,3,1,2283000.0,5960000.0,2127000.0,25539800000.0,4752,19.7,57.9,937.0,21469000.0,1
10.6,E-commerce,Pune,1,71,22,40,31,6050000.0,2,1,7733000.0,5727000.0,1543000.0,63420400000.0,10929,36.0,44.4,13549.0,55339000.0,1
0.5,EdTech,Pune,1,18,8,12,6,0.0,0,0,1534000.0,2620000.0,629000.0,28840700000.0,1561,49.3,75.4,11528.0,21436000.0,1
9.5,Logistics,Bangalore,3,44,5,19,25,450000000.0,12,6,6182000.0,4561000.0,1970000.0,25903400000.0,4861,33.1,83.7,6177.0,87429000.0,1
5.7,FoodTech,Pune,3,67,9,37,30,25130000.0,2,1,7488000.0,7656000.0,2003000.0,75343200000.0,18383,57.5,71.6,8345.0,99554000.0,1
12.0,E-commerce,Hyderabad,2,57,1,28,29,19160000.0,4,2,5024000.0,7777000.0,3535000.0,3378400000.0,9657,17.4,90.0,17686.0,71288000.0,1
1.8,Healthcare,Other,2,92,9,40,52,0.0,0,0,5806000.0,7659000.0,1565000.0,61394700000.0,5990,19.0,72.0,388.0,69387000.0,1
9.0,FoodTech,Pune,2,52,10,34,18,11800000.0,2,1,4840000.0,7438000.0,2253000.0,38673300000.0,10883,35.7,74.5,8019.0,60883000.0,1
7.5,AI/ML,Hyderabad,3,62,23,35,27,127820000.0,9,3,5267000.0,8762000.0,2408000.0,75559800000.0,3681,15.6,60.2,17055.0,51905000.0,1
9.8,AI/ML,Pune,4,44,4,26,18,22600000.0,2,1,5344000.0,5652000.0,2183000.0,31508000000.0,7182,10.7,80.2,3934.0,68704000.0,1
1.4,SaaS,Bangalore,3,17,3,9,8,0.0,0,0,3072000.0,3626000.0,2134000.0,56658000000.0,6113,48.2,79.5,14076.0,44676000.0,1
8.9,FoodTech,Hyderabad,3,47,10,26,21,0.0,0,0,3000000.0,7577000.0,3113000.0,5641300000.0,6579,33.9,66.1,4348.0,32170000.0,0
8.6,Healthcare,Other,2,73,15,32,41,0.0,0,0,5651000.0,8454000.0,1541000.0,74305400000.0,18564,32.5,54.1,3996.0,50857000.0,1
8.6,SaaS,Mumbai,3,66,11,41,25,57470000.0,4,2,8635000.0,9950000.0,5024000.0,27596200000.0,12843,-1.0,51.1,19341.0,65519000.0,1
9.3,EdTech,Hyderabad,1,74,14,40,34,9300000.0,1,1,9323000.0,10589000.0,3924000.0,41944200000.0,12841,38.8,86.1,6773.0,135288000.0,1
10.3,FoodTech,Kolkata,3,65,6,44,21,0.0,0,0,4368000.0,5106000.0,1799000.0,11121600000.0,12816,19.8,55.7,9488.0,40430000.0,1
12.2,Logistics,Bangalore,3,85,12,39,46,51260000.0,2,2,8598000.0,8009000.0,1872000.0,75647400000.0,11376,-3.8,93.3,18291.0,124443000.0,1
4.4,AI/ML,Chennai,3,31,13,14,17,223430000.0,9,3,3618000.0,4190000.0,1977000.0,53854000000.0,4111,33.3,61.0,4611.0,38979000.0,1
12.5,AI/ML,Other,3,72,17,45,27,28270000.0,3,1,6494000.0,9660000.0,3293000.0,4363100000.0,13091,-8.4,67.8,13364.0,59536000.0,1
7.7,Fintech,Hyderabad,4,61,16,42,19,37290000.0,4,2,6549000.0,5599000.0,1211000.0,12458800000.0,10298,-10.0,98.0,22958.0,99887000.0,1
1.6,SaaS,Kolkata,3,24,3,13,11,0.0,0,0,3058000.0,4248000.0,1774000.0,32016700000.0,4948,-10.0,65.4,13913.0,27850000.0,0
1.3,Technology,Kolkata,1,25,2,16,9,111480000.0,9,3,2634000.0,3388000.0,1160000.0,17380800000.0,4775,12.5,58.5,1364.0,24746000.0,1
5.3,Technology,Other,1,33,11,24,9,314650000.0,5,5,5300000.0,6563000.0,3598000.0,24404800000.0,6097,51.9,67.3,14804.0,64197000.0,1
11.9,SaaS,Other,3,56,9,41,15,32960000.0,3,1,6976000.0,7461000.0,2899000.0,79799400000.0,13285,24.9,50.8,2390.0,59847000.0,1
10.8,Logistics,Kolkata,2,82,3,54,28,0.0,0,0,8374000.0,8927000.0,3554000.0,52709000000.0,16128,15.7,68.0,7161.0,97229000.0,1
11.9,CleanTech,Pune,4,74,18,48,26,376230000.0,4,4,10874000.0,10923000.0,3616000.0,73781300000.0,18437,47.0,73.0,21264.0,138431000.0,1
8.0,SaaS,Kolkata,3,50,20,24,26,70200000.0,6,2,3661000.0,7531000.0,1971000.0,34892100000.0,14112,29.2,85.9,425.0,52511000.0,1
6.9,Logistics,Pune,3,63,15,43,20,0.0,0,0,4119000.0,6268000.0,1723000.0,56837100000.0,20464,40.5,79.1,2064.0,58120000.0,1
2.6,EdTech,Chennai,3,58,14,31,27,90740000.0,6,2,5362000.0,6727000.0,2255000.0,36802200000.0,6294,39.4,74.0,9180.0,65442000.0,1
5.3,AI/ML,Bangalore,2,25,2,18,7,450000000.0,18,6,4388000.0,6480000.0,3075000.0,26291600000.0,2942,11.1,98.0,24985.0,69532000.0,1
6.8,Healthcare,Delhi,2,66,17,28,38,148570000.0,9,3,5262000.0,10018000.0,3442000.0,41557900000.0,13156,12.9,80.4,7403.0,65238000.0,1
1.8,CleanTech,Pune,2,65,22,35,30,218250000.0,3,3,7071000.0,9688000.0,3693000.0,34213500000.0,10175,-0.3,92.1,4058.0,97728000.0,1
3.7,FoodTech,Kolkata,4,62,8,36,26,0.0,0,0,8306000.0,10400000.0,4650000.0,78444200000.0,14956,36.3,84.5,13803.0,117895000.0,1
9.2,CleanTech,Kolkata,1,81,10,43,38,232780000.0,6,3,8180000.0,11226000.0,4806000.0,39718500000.0,9651,-9.0,91.5,13053.0,103058000.0,1
11.2,Healthcare,Mumbai,4,71,18,33,38,0.0,0,0,6157000.0,10933000.0,4554000.0,64898500000.0,8854,-1.5,88.1,11323.0,80776000.0,1
15.0,Fintech,Kolkata,2,81,19,49,32,131210000.0,9,3,7295000.0,9732000.0,4304000.0,53362200000.0,6106,16.5,83.7,23674.0,104071000.0,1
14.0,AI/ML,Bangalore,1,62,8,41,21,450000000.0,18,6,7006000.0,6454000.0,2231000.0,38396200000.0,12762,20.4,80.5,7112.0,89015000.0,1
9.8,Technology,Hyderabad,1,46,8,28,18,30860000.0,1,1,3799000.0,7111000.0,1801000.0,37958300000.0,4631,30.9,92.8,7439.0,61972000.0,1
6.6,Logistics,Hyderabad,2,37,3,17,20,0.0,0,0,2784000.0,6191000.0,2407000.0,27384100000.0,7838,17.1,63.8,3635.0,30517000.0,0
9.7,SaaS,Kolkata,2,48,3,31,17,46020000.0,6,2,5891000.0,8267000.0,2968000.0,8603200000.0,12834,10.0,61.7,17478.0,59852000.0,1
11.9,SaaS,Mumbai,4,60,12,29,31,34210000.0,2,1,5602000.0,6143000.0,2287000.0,60929500000.0,7539,33.9,49.7,8136.0,47654000.0,1
2.2,Technology,Pune,2,33,22,15,18,27290000.0,3,1,2313000.0,5502000.0,1456000.0,73451700000.0,3183,38.1,79.3,20098.0,32504000.0,1
6.4,CleanTech,Bangalore,1,42,17,26,16,167300000.0,6,3,3432000.0,6417000.0,2115000.0,17475500000.0,1703,-10.0,88.3,24298.0,46035000.0,1
12.7,AI/ML,Mumbai,3,82,4,56,26,113710000.0,6,2,6587000.0,9185000.0,2652000.0,74057600000.0,13871,41.5,57.4,1236.0,70433000.0,1
6.1,E-commerce,Pune,2,43,17,24,19,34350000.0,2,2,3727000.0,6828000.0,2783000.0,18622700000.0,4052,10.8,61.9,24829.0,36326000.0,0
8.8,Logistics,Bangalore,2,60,14,35,25,66250000.0,9,3,5090000.0,6499000.0,3072000.0,42429800000.0,13171,53.2,92.2,6464.0,84263000.0,1
9.0,EdTech,Kolkata,4,61,19,30,31,21910000.0,3,1,4918000.0,7595000.0,2884000.0,27522600000.0,9495,3.7,81.7,10590.0,65789000.0,1
3.2,Healthcare,Hyderabad,4,20,9,11,9,0.0,0,0,1822000.0,3054000.0,1107000.0,9205000000.0,2178,-3.9,81.1,19477.0,21883000.0,1
5.8,CleanTech,Bangalore,2,82,21,36,46,450000000.0,18,6,9540000.0,9641000.0,1686000.0,4274400000.0,21423,32.3,77.8,16683.0,124907000.0,1
5.4,FoodTech,Kolkata,1,42,12,30,12,42560000.0,6,2,5410000.0,8154000.0,4195000.0,29259500000.0,15929,64.9,69.0,19494.0,73773000.0,1
0.9,Fintech,Chennai,1,13,5,8,5,103930000.0,8,4,1667000.0,2805000.0,1086000.0,3835100000.0,987,-10.0,50.2,11738.0,10232000.0,0
0.9,SaaS,Delhi,3,14,11,8,6,124880000.0,6,3,2834000.0,3524000.0,2167000.0,8381300000.0,4117,36.4,80.3,22914.0,40710000.0,1
12.6,CleanTech,Bangalore,2,72,20,42,30,66090000.0,2,2,5369000.0,8621000.0,3063000.0,11426700000.0,6337,30.3,98.0,19780.0,91320000.0,1
4.5,Fintech,Delhi,4,20,3,13,7,10110000.0,3,1,1757000.0,3669000.0,1225000.0,203200000.0,2065,17.3,76.2,7834.0,21954000.0,1
8.0,Healthcare,Bangalore,1,55,21,31,24,75740000.0,8,4,7534000.0,8889000.0,3310000.0,12302500000.0,14207,63.6,56.0,23720.0,84937000.0,1
4.8,SaaS,Delhi,3,42,15,21,21,125870000.0,6,3,4576000.0,5507000.0,1346000.0,46203400000.0,3945,-10.0,69.2,24032.0,46005000.0,1
14.1,SaaS,Chennai,2,98,14,44,54,200740000.0,9,3,8421000.0,11011000.0,2807000.0,65570900000.0,6809,42.5,85.3,10464.0,130874000.0,1
4.3,E-commerce,Hyderabad,1,43,11,26,17,0.0,0,0,3992000.0,5889000.0,1406000.0,15514700000.0,6109,39.4,87.0,16351.0,62693000.0,1
6.7,CleanTech,Other,2,44,20,31,13,7930000.0,1,1,7894000.0,8627000.0,5155000.0,6515800000.0,14604,44.3,93.8,20397.0,137328000.0,1
13.2,AI/ML,Pune,2,61,8,27,34,72220000.0,2,2,4259000.0,6844000.0,2751000.0,58374700000.0,6615,41.6,86.8,20460.0,65135000.0,1
12.7,Technology,Delhi,1,62,4,28,34,156450000.0,8,4,8433000.0,5641000.0,2138000.0,702600000.0,15306,23.2,44.0,501.0,63323000.0,1
3.2,Technology,Chennai,1,25,12,13,12,16240000.0,1,1,2517000.0,4300000.0,2313000.0,58746300000.0,5333,11.3,75.2,15781.0,29256000.0,1
12.1,EdTech,Delhi,1,55,8,37,18,400190000.0,8,4,6610000.0,7999000.0,2746000.0,10532800000.0,3584,4.6,51.8,24346.0,53456000.0,1
7.1,FoodTech,Hyderabad,2,57,6,28,29,54190000.0,2,2,6826000.0,8515000.0,2686000.0,18301400000.0,8146,30.9,80.9,5899.0,94288000.0,1
7.5,Fintech,Delhi,2,42,15,20,22,115310000.0,9,3,3415000.0,7472000.0,2919000.0,9649600000.0,3949,17.9,82.3,19921.0,44015000.0,1
2.4,CleanTech,Chennai,3,45,12,27,18,39290000.0,2,2,3179000.0,7148000.0,2826000.0,19824700000.0,2289,13.4,60.5,13426.0,31485000.0,0
1.7,Logistics,Kolkata,4,21,16,12,9,0.0,0,0,1464000.0,3989000.0,1937000.0,63864200000.0,1696,5.8,67.8,5654.0,13976000.0,1
11.1,FoodTech,Chennai,2,112,16,47,65,338740000.0,5,5,8954000.0,14439000.0,4867000.0,10646900000.0,10051,9.0,63.0,1418.0,83135000.0,1
7.7,E-commerce,Other,4,61,21,26,35,400650000.0,10,5,6903000.0,8697000.0,3218000.0,79533500000.0,6168,35.1,83.5,19034.0,102576000.0,1
6.8,SaaS,Other,1,63,20,39,24,134340000.0,6,3,5389000.0,7082000.0,2798000.0,26201500000.0,4410,18.4,70.9,8014.0,60263000.0,1
11.1,AI/ML,Other,2,62,20,34,28,12590000.0,1,1,6962000.0,8705000.0,3453000.0,73761400000.0,13494,44.6,63.0,9483.0,80842000.0,1
11.6,CleanTech,Mumbai,3,79,4,58,21,29310000.0,1,1,6957000.0,9896000.0,3333000.0,15243100000.0,7661,-10.0,83.0,12208.0,90704000.0,1
2.8,FoodTech,Hyderabad,3,47,11,29,18,0.0,0,0,3380000.0,4399000.0,861000.0,15072400000.0,14282,31.7,80.5,12754.0,43107000.0,1
9.3,FoodTech,Kolkata,4,63,13,25,38,25710000.0,3,1,5127000.0,8855000.0,2788000.0,45248600000.0,4786,-4.2,83.5,5274.0,63747000.0,1
2.5,AI/ML,Mumbai,1,27,9,15,12,79490000.0,2,2,4403000.0,4723000.0,2008000.0,4095500000.0,6504,44.6,50.4,16815.0,44035000.0,0
11.4,EdTech,Hyderabad,4,67,4,36,31,9330000.0,2,1,8306000.0,6529000.0,2901000.0,64090200000.0,22290,45.2,63.9,17360.0,96843000.0,1
10.0,Fintech,Kolkata,1,49,12,21,28,180780000.0,15,5,3967000.0,5371000.0,2169000.0,35197200000.0,2201,-10.0,81.5,3686.0,46327000.0,1
14.4,Fintech,Delhi,3,78,9,56,22,24780000.0,2,1,5367000.0,9354000.0,3225000.0,55950800000.0,11715,1.2,48.7,13393.0,38341000.0,1
1.5,FoodTech,Kolkata,4,44,13,29,15,174180000.0,4,4,4258000.0,4760000.0,1259000.0,14011800000.0,6048,2.1,49.1,15290.0,29967000.0,1
1.3,Healthcare,Chennai,3,24,16,11,13,12970000.0,2,1,4011000.0,4363000.0,2098000.0,51406500000.0,8224,45.8,61.7,4778.0,40625000.0,1
4.6,FoodTech,Mumbai,3,24,6,11,13,23590000.0,4,2,2079000.0,4185000.0,1704000.0,47545900000.0,4516,4.9,82.8,22377.0,25896000.0,1
